dataelement,period,orgunit,categoryoptioncombo,attributeoptioncombo,value,storedby,lastupdated,comment,followup,deleted
KVma72HXIFm,202410,gawevOwtGES,HllvX50cXC0,Lf2Axb9E6B4,31,biostat.rubirizi,2024-12-31T08:33:30.725+0000,,false
XcKSEjnZEut,202410,gawevOwtGES,HllvX50cXC0,Lf2Axb9E6B4,31,biostat.rubirizi,2024-12-31T08:31:43.024+0000,,false
dS1SBQizsCk,202410,gawevOwtGES,HllvX50cXC0,Lf2Axb9E6B4,31,biostat.rubirizi,2024-12-31T08:31:38.794+0000,,false
sv6SeKroHPV,202408,gawevOwtGES,F1rms8f9I9a,Lf2Axb9E6B4,18,hmis.rubirizi,2024-09-12T09:14:04.085+0000,,false
sv6SeKroHPV,202408,gawevOwtGES,c7gvocRdg0f,Lf2Axb9E6B4,33,hmis.rubirizi,2024-09-12T09:14:06.889+0000,,false
JhvC7ZR9hUe,202408,gawevOwtGES,u3CkZqMHfHP,Lf2Axb9E6B4,32,hmis.rubirizi,2024-09-12T09:15:27.185+0000,,false
D9A0afrTYPw,202408,gawevOwtGES,V2OuNTRI6ua,Lf2Axb9E6B4,17,hmis.rubirizi,2024-09-12T09:15:33.099+0000,,false
sv6SeKroHPV,202408,gawevOwtGES,u3CkZqMHfHP,Lf2Axb9E6B4,47,hmis.rubirizi,2024-09-12T09:14:08.858+0000,,false
sv6SeKroHPV,202408,gawevOwtGES,XVHTeecEOM3,Lf2Axb9E6B4,101,hmis.rubirizi,2024-09-12T09:14:12.237+0000,,false
JhvC7ZR9hUe,202408,gawevOwtGES,huBy3W5qiD2,Lf2Axb9E6B4,23,hmis.rubirizi,2024-09-12T09:15:12.927+0000,,false
D9A0afrTYPw,202408,gawevOwtGES,F1rms8f9I9a,Lf2Axb9E6B4,13,hmis.rubirizi,2024-09-12T09:15:36.171+0000,,false
sv6SeKroHPV,202408,gawevOwtGES,V2OuNTRI6ua,Lf2Axb9E6B4,31,hmis.rubirizi,2024-09-12T09:13:59.872+0000,,false
sv6SeKroHPV,202408,gawevOwtGES,huBy3W5qiD2,Lf2Axb9E6B4,33,hmis.rubirizi,2024-09-12T09:14:00.540+0000,,false
sv6SeKroHPV,202408,gawevOwtGES,Crc5reUlspd,Lf2Axb9E6B4,17,hmis.rubirizi,2024-09-12T09:14:06.157+0000,,false
sv6SeKroHPV,202408,gawevOwtGES,dCKzhhINakS,Lf2Axb9E6B4,157,hmis.rubirizi,2024-09-12T09:14:10.146+0000,,false
sQ4EexvvhVe,202408,gawevOwtGES,dCKzhhINakS,Lf2Axb9E6B4,3,hmis.rubirizi,2024-09-12T09:14:16.085+0000,,false
sQ4EexvvhVe,202408,gawevOwtGES,XVHTeecEOM3,Lf2Axb9E6B4,3,hmis.rubirizi,2024-09-12T09:14:21.190+0000,,false
vC9pW0FEvd2,202408,gawevOwtGES,dCKzhhINakS,Lf2Axb9E6B4,4,hmis.rubirizi,2024-09-12T09:14:24.249+0000,,false
JhvC7ZR9hUe,202408,gawevOwtGES,c7gvocRdg0f,Lf2Axb9E6B4,30,hmis.rubirizi,2024-09-12T09:15:26.373+0000,,false
aU0n2RXwQJC,202408,gawevOwtGES,dCKzhhINakS,Lf2Axb9E6B4,6,hmis.rubirizi,2024-09-12T09:14:27.498+0000,,false
D9A0afrTYPw,202408,gawevOwtGES,dCKzhhINakS,Lf2Axb9E6B4,39,hmis.rubirizi,2024-09-12T09:15:47.428+0000,,false
JhvC7ZR9hUe,202408,gawevOwtGES,Crc5reUlspd,Lf2Axb9E6B4,16,hmis.rubirizi,2024-09-12T09:15:14.624+0000,,false
JhvC7ZR9hUe,202408,gawevOwtGES,F1rms8f9I9a,Lf2Axb9E6B4,15,hmis.rubirizi,2024-09-12T09:15:13.673+0000,,false
JhvC7ZR9hUe,202408,gawevOwtGES,V2OuNTRI6ua,Lf2Axb9E6B4,20,hmis.rubirizi,2024-09-12T09:15:12.183+0000,,false
JhvC7ZR9hUe,202408,gawevOwtGES,dCKzhhINakS,Lf2Axb9E6B4,48,hmis.rubirizi,2024-09-12T09:15:29.151+0000,,false
D9A0afrTYPw,202408,gawevOwtGES,c7gvocRdg0f,Lf2Axb9E6B4,27,hmis.rubirizi,2024-09-12T09:15:42.776+0000,,false
D9A0afrTYPw,202408,gawevOwtGES,huBy3W5qiD2,Lf2Axb9E6B4,21,hmis.rubirizi,2024-09-12T09:15:34.664+0000,,false
wUDxFVBapIc,202408,gawevOwtGES,F1rms8f9I9a,Lf2Axb9E6B4,13,hmis.rubirizi,2024-09-12T09:15:52.559+0000,,false
wUDxFVBapIc,202408,gawevOwtGES,dCKzhhINakS,Lf2Axb9E6B4,39,hmis.rubirizi,2024-09-12T09:15:57.607+0000,,false
QHnwKs2OUZv,202408,gawevOwtGES,u3CkZqMHfHP,Lf2Axb9E6B4,27,hmis.rubirizi,2024-09-12T09:16:06.561+0000,,false
JhvC7ZR9hUe,202408,gawevOwtGES,XVHTeecEOM3,Lf2Axb9E6B4,67,hmis.rubirizi,2024-09-12T09:15:30.227+0000,,false
D9A0afrTYPw,202408,gawevOwtGES,Crc5reUlspd,Lf2Axb9E6B4,16,hmis.rubirizi,2024-09-12T09:15:37.867+0000,,false
QHnwKs2OUZv,202408,gawevOwtGES,c7gvocRdg0f,Lf2Axb9E6B4,27,hmis.rubirizi,2024-09-12T09:16:05.577+0000,,false
QHnwKs2OUZv,202408,gawevOwtGES,huBy3W5qiD2,Lf2Axb9E6B4,21,hmis.rubirizi,2024-09-12T09:16:02.204+0000,,false
LiSyn6bblsc,202408,gawevOwtGES,V2OuNTRI6ua,Lf2Axb9E6B4,2,hmis.rubirizi,2024-09-12T09:16:23.492+0000,,false
wUDxFVBapIc,202408,gawevOwtGES,c7gvocRdg0f,Lf2Axb9E6B4,27,hmis.rubirizi,2024-09-12T09:15:55.156+0000,,false
D9A0afrTYPw,202408,gawevOwtGES,u3CkZqMHfHP,Lf2Axb9E6B4,27,hmis.rubirizi,2024-09-12T09:15:44.140+0000,,false
D9A0afrTYPw,202408,gawevOwtGES,XVHTeecEOM3,Lf2Axb9E6B4,57,hmis.rubirizi,2024-09-12T09:15:48.360+0000,,false
wUDxFVBapIc,202408,gawevOwtGES,u3CkZqMHfHP,Lf2Axb9E6B4,27,hmis.rubirizi,2024-09-12T09:15:56.293+0000,,false
wUDxFVBapIc,202408,gawevOwtGES,V2OuNTRI6ua,Lf2Axb9E6B4,17,hmis.rubirizi,2024-09-12T09:15:50.107+0000,,false
wUDxFVBapIc,202408,gawevOwtGES,huBy3W5qiD2,Lf2Axb9E6B4,21,hmis.rubirizi,2024-09-12T09:15:51.092+0000,,false
wUDxFVBapIc,202408,gawevOwtGES,XVHTeecEOM3,Lf2Axb9E6B4,57,hmis.rubirizi,2024-09-12T09:15:59.022+0000,,false
QHnwKs2OUZv,202408,gawevOwtGES,F1rms8f9I9a,Lf2Axb9E6B4,13,hmis.rubirizi,2024-09-12T09:16:03.274+0000,,false
wUDxFVBapIc,202408,gawevOwtGES,Crc5reUlspd,Lf2Axb9E6B4,16,hmis.rubirizi,2024-09-12T09:15:53.719+0000,,false
QHnwKs2OUZv,202408,gawevOwtGES,V2OuNTRI6ua,Lf2Axb9E6B4,17,hmis.rubirizi,2024-09-12T09:16:01.194+0000,,false
QHnwKs2OUZv,202408,gawevOwtGES,Crc5reUlspd,Lf2Axb9E6B4,16,hmis.rubirizi,2024-09-12T09:16:04.476+0000,,false
QHnwKs2OUZv,202408,gawevOwtGES,XVHTeecEOM3,Lf2Axb9E6B4,57,hmis.rubirizi,2024-09-12T09:16:18.803+0000,,false
LiSyn6bblsc,202408,gawevOwtGES,huBy3W5qiD2,Lf2Axb9E6B4,3,hmis.rubirizi,2024-09-12T09:16:24.889+0000,,false
QHnwKs2OUZv,202408,gawevOwtGES,dCKzhhINakS,Lf2Axb9E6B4,39,hmis.rubirizi,2024-09-12T09:16:07.617+0000,,false
LiSyn6bblsc,202408,gawevOwtGES,XVHTeecEOM3,Lf2Axb9E6B4,1,hmis.rubirizi,2024-09-12T09:16:30.086+0000,,false
LiSyn6bblsc,202408,gawevOwtGES,c7gvocRdg0f,Lf2Axb9E6B4,2,hmis.rubirizi,2024-09-12T09:16:27.550+0000,,false
LiSyn6bblsc,202408,gawevOwtGES,u3CkZqMHfHP,Lf2Axb9E6B4,1,hmis.rubirizi,2024-09-12T09:16:27.971+0000,,false
LiSyn6bblsc,202408,gawevOwtGES,dCKzhhINakS,Lf2Axb9E6B4,4,hmis.rubirizi,2024-09-12T09:16:29.405+0000,,false
LR8778hLH8U,202408,gawevOwtGES,c7gvocRdg0f,Lf2Axb9E6B4,4,hmis.rubirizi,2024-09-12T09:17:54.958+0000,,false
LR8778hLH8U,202408,gawevOwtGES,Crc5reUlspd,Lf2Axb9E6B4,5,hmis.rubirizi,2024-09-12T09:17:54.038+0000,,false
y6ofkvr4JP8,202408,gawevOwtGES,huBy3W5qiD2,Lf2Axb9E6B4,1,hmis.rubirizi,2024-09-12T09:18:16.976+0000,,false
WIJ0fbjLIJh,202408,gawevOwtGES,u3CkZqMHfHP,Lf2Axb9E6B4,1,hmis.rubirizi,2024-09-12T09:17:01.982+0000,,false
KaqDbaq0Yce,202408,gawevOwtGES,dCKzhhINakS,Lf2Axb9E6B4,6,hmis.rubirizi,2024-09-12T09:16:55.921+0000,,false
KaqDbaq0Yce,202408,gawevOwtGES,XVHTeecEOM3,Lf2Axb9E6B4,8,hmis.rubirizi,2024-09-12T09:16:59.750+0000,,false
LR8778hLH8U,202408,gawevOwtGES,F1rms8f9I9a,Lf2Axb9E6B4,8,hmis.rubirizi,2024-09-12T09:17:52.110+0000,,false
WIJ0fbjLIJh,202408,gawevOwtGES,dCKzhhINakS,Lf2Axb9E6B4,16,hmis.rubirizi,2024-09-12T09:17:04.873+0000,,false
WIJ0fbjLIJh,202408,gawevOwtGES,XVHTeecEOM3,Lf2Axb9E6B4,15,hmis.rubirizi,2024-09-12T09:17:09.287+0000,,false
FPXwKGEV96K,202408,gawevOwtGES,dCKzhhINakS,Lf2Axb9E6B4,3,hmis.rubirizi,2024-09-12T09:17:22.643+0000,,false
FPXwKGEV96K,202408,gawevOwtGES,u3CkZqMHfHP,Lf2Axb9E6B4,1,hmis.rubirizi,2024-09-12T09:17:11.564+0000,,false
FPXwKGEV96K,202408,gawevOwtGES,V2OuNTRI6ua,Lf2Axb9E6B4,2,hmis.rubirizi,2024-09-12T09:17:26.012+0000,,false
FPXwKGEV96K,202408,gawevOwtGES,F1rms8f9I9a,Lf2Axb9E6B4,2,hmis.rubirizi,2024-09-12T09:17:28.767+0000,,false
LR8778hLH8U,202408,gawevOwtGES,XVHTeecEOM3,Lf2Axb9E6B4,9,hmis.rubirizi,2024-09-12T09:18:03.458+0000,,false
FPXwKGEV96K,202408,gawevOwtGES,Crc5reUlspd,Lf2Axb9E6B4,2,hmis.rubirizi,2024-09-12T09:17:47.303+0000,,false
LR8778hLH8U,202408,gawevOwtGES,u3CkZqMHfHP,Lf2Axb9E6B4,10,hmis.rubirizi,2024-09-12T09:17:56.094+0000,,false
ywfVj7F30Ts,202408,gawevOwtGES,dCKzhhINakS,Lf2Axb9E6B4,1,hmis.rubirizi,2024-09-12T09:18:04.726+0000,,false
LR8778hLH8U,202408,gawevOwtGES,huBy3W5qiD2,Lf2Axb9E6B4,13,hmis.rubirizi,2024-09-12T09:17:50.684+0000,,false
Rw3b8mGkyfh,202408,gawevOwtGES,dCKzhhINakS,Lf2Axb9E6B4,18,hmis.rubirizi,2024-09-12T09:18:46.390+0000,,false
LR8778hLH8U,202408,gawevOwtGES,V2OuNTRI6ua,Lf2Axb9E6B4,10,hmis.rubirizi,2024-09-12T09:17:49.834+0000,,false
LR8778hLH8U,202408,gawevOwtGES,dCKzhhINakS,Lf2Axb9E6B4,34,hmis.rubirizi,2024-09-12T09:17:58.927+0000,,false
y6ofkvr4JP8,202408,gawevOwtGES,XVHTeecEOM3,Lf2Axb9E6B4,1,hmis.rubirizi,2024-09-12T09:18:26.769+0000,,false
SPADxEItrIQ,202408,gawevOwtGES,huBy3W5qiD2,Lf2Axb9E6B4,1,hmis.rubirizi,2024-09-12T09:18:59.490+0000,,false
y6ofkvr4JP8,202408,gawevOwtGES,V2OuNTRI6ua,Lf2Axb9E6B4,4,hmis.rubirizi,2024-09-12T09:18:14.909+0000,,false
y6ofkvr4JP8,202408,gawevOwtGES,dCKzhhINakS,Lf2Axb9E6B4,6,hmis.rubirizi,2024-09-12T09:18:25.287+0000,,false
gN26QajXn26,202408,gawevOwtGES,XVHTeecEOM3,Lf2Axb9E6B4,1,hmis.rubirizi,2024-09-12T09:18:32.518+0000,,false
PgLUhukgbZu,202408,gawevOwtGES,XVHTeecEOM3,Lf2Axb9E6B4,1,hmis.rubirizi,2024-09-12T09:19:53.638+0000,,false
Rw3b8mGkyfh,202408,gawevOwtGES,XVHTeecEOM3,Lf2Axb9E6B4,8,hmis.rubirizi,2024-09-12T09:18:47.118+0000,,false
USDfyVr5d8d,202408,gawevOwtGES,u3CkZqMHfHP,Lf2Axb9E6B4,1,hmis.rubirizi,2024-09-12T09:20:01.768+0000,,false
SPADxEItrIQ,202408,gawevOwtGES,dCKzhhINakS,Lf2Axb9E6B4,1,hmis.rubirizi,2024-09-12T09:19:00.851+0000,,false
P2wDiYT9Ldr,202408,gawevOwtGES,V2OuNTRI6ua,Lf2Axb9E6B4,2,hmis.rubirizi,2024-09-12T09:19:21.972+0000,,false
P2wDiYT9Ldr,202408,gawevOwtGES,dCKzhhINakS,Lf2Axb9E6B4,3,hmis.rubirizi,2024-09-12T09:19:28.445+0000,,false
F38NBUN9Srm,202408,gawevOwtGES,HllvX50cXC0,Lf2Axb9E6B4,46,hmis.rubirizi,2024-09-12T09:26:27.188+0000,,false
O7du4F9jOVw,202408,gawevOwtGES,dCKzhhINakS,Lf2Axb9E6B4,3,hmis.rubirizi,2024-09-12T09:21:32.765+0000,,false
D94T0VqYF0u,202408,gawevOwtGES,XVHTeecEOM3,Lf2Axb9E6B4,1,hmis.rubirizi,2024-09-12T09:21:13.370+0000,,false
hTBgki6DhH4,202408,gawevOwtGES,dCKzhhINakS,Lf2Axb9E6B4,2,hmis.rubirizi,2024-09-12T09:21:11.649+0000,,false
hTBgki6DhH4,202408,gawevOwtGES,XVHTeecEOM3,Lf2Axb9E6B4,1,hmis.rubirizi,2024-09-12T09:21:13.770+0000,,false
GqvGVF75ihM,202408,gawevOwtGES,XVHTeecEOM3,Lf2Axb9E6B4,3,hmis.rubirizi,2024-09-12T09:21:22.715+0000,,false
GqvGVF75ihM,202408,gawevOwtGES,dCKzhhINakS,Lf2Axb9E6B4,2,hmis.rubirizi,2024-09-12T09:21:21.416+0000,,false
O7du4F9jOVw,202408,gawevOwtGES,XVHTeecEOM3,Lf2Axb9E6B4,1,hmis.rubirizi,2024-09-12T09:21:34.465+0000,,false
eJ6uwSt5TEp,202408,gawevOwtGES,V2OuNTRI6ua,Lf2Axb9E6B4,3,hmis.rubirizi,2024-09-12T09:22:18.216+0000,,false
eJ6uwSt5TEp,202408,gawevOwtGES,F1rms8f9I9a,Lf2Axb9E6B4,1,hmis.rubirizi,2024-09-12T09:22:30.035+0000,,false
eJ6uwSt5TEp,202408,gawevOwtGES,c7gvocRdg0f,Lf2Axb9E6B4,2,hmis.rubirizi,2024-09-12T09:22:31.617+0000,,false
eJ6uwSt5TEp,202408,gawevOwtGES,dCKzhhINakS,Lf2Axb9E6B4,35,hmis.rubirizi,2024-09-12T09:22:14.671+0000,,false
eJ6uwSt5TEp,202408,gawevOwtGES,XVHTeecEOM3,Lf2Axb9E6B4,16,hmis.rubirizi,2024-09-12T09:22:31.640+0000,,false
z75W19sQozD,202408,gawevOwtGES,HllvX50cXC0,Lf2Axb9E6B4,16000,hmis.rubirizi,2024-09-12T09:26:16.386+0000,,false
eJ6uwSt5TEp,202408,gawevOwtGES,huBy3W5qiD2,Lf2Axb9E6B4,2,hmis.rubirizi,2024-09-12T09:22:27.197+0000,,false
eJ6uwSt5TEp,202408,gawevOwtGES,u3CkZqMHfHP,Lf2Axb9E6B4,2,hmis.rubirizi,2024-09-12T09:22:31.620+0000,,false
RIBMopGoWHl,202408,gawevOwtGES,HllvX50cXC0,Lf2Axb9E6B4,7740,hmis.rubirizi,2024-09-12T09:24:57.255+0000,,false
aYLRo9MS3zb,202408,gawevOwtGES,HllvX50cXC0,Lf2Axb9E6B4,6000,hmis.rubirizi,2024-09-12T09:25:53.083+0000,,false
rPFM5bTGYMY,202408,gawevOwtGES,HllvX50cXC0,Lf2Axb9E6B4,100,hmis.rubirizi,2024-09-12T09:27:18.708+0000,,false
SttnQWaT8fW,202408,gawevOwtGES,HllvX50cXC0,Lf2Axb9E6B4,1000,hmis.rubirizi,2024-09-12T09:26:07.534+0000,,false
fy34HLoHa0x,202408,gawevOwtGES,HllvX50cXC0,Lf2Axb9E6B4,61760,hmis.rubirizi,2024-09-12T09:25:50.413+0000,,false
eu5hj9Xa9vP,202408,gawevOwtGES,HllvX50cXC0,Lf2Axb9E6B4,100,hmis.rubirizi,2024-09-12T09:26:02.400+0000,,false
dBpUBrwQoEg,202408,gawevOwtGES,HllvX50cXC0,Lf2Axb9E6B4,0,hmis.rubirizi,2024-09-25T09:56:03.432+0000,,false
lz5KzKAbFbX,202408,gawevOwtGES,HllvX50cXC0,Lf2Axb9E6B4,30,hmis.rubirizi,2024-09-12T09:26:26.206+0000,,false
oCtCwUE7utd,202408,gawevOwtGES,HllvX50cXC0,Lf2Axb9E6B4,1715,hmis.rubirizi,2024-09-12T09:26:44.780+0000,,false
HhhkiZDx1vo,202408,gawevOwtGES,HllvX50cXC0,Lf2Axb9E6B4,300,hmis.rubirizi,2024-09-12T09:26:47.277+0000,,false
pvBjG3TnbtJ,202408,gawevOwtGES,HllvX50cXC0,Lf2Axb9E6B4,100,hmis.rubirizi,2024-09-12T09:27:17.050+0000,,false
I8g7GERvAjt,202408,gawevOwtGES,HllvX50cXC0,Lf2Axb9E6B4,10,hmis.rubirizi,2024-09-12T09:27:38.447+0000,,false
sFLr3TIyeT3,202408,gawevOwtGES,HllvX50cXC0,Lf2Axb9E6B4,140,hmis.rubirizi,2024-09-12T09:27:56.574+0000,,false
wE9AHBOIFCE,202408,gawevOwtGES,HllvX50cXC0,Lf2Axb9E6B4,70,hmis.rubirizi,2024-09-12T09:27:30.088+0000,,false
h5nYtk0kLWs,202408,gawevOwtGES,HllvX50cXC0,Lf2Axb9E6B4,825,hmis.rubirizi,2024-09-12T09:27:31.661+0000,,false
xfyEsSF1Yeh,202408,gawevOwtGES,HllvX50cXC0,Lf2Axb9E6B4,4000,hmis.rubirizi,2024-09-12T09:28:07.282+0000,,false
FNT0AWnEok7,202408,gawevOwtGES,HllvX50cXC0,Lf2Axb9E6B4,36,hmis.rubirizi,2024-09-12T09:28:28.064+0000,,false
msmJxt9LGqX,202408,gawevOwtGES,HllvX50cXC0,Lf2Axb9E6B4,600,hmis.rubirizi,2024-09-12T09:28:57.946+0000,,false
O3hT4aIhzLi,202408,gawevOwtGES,HllvX50cXC0,Lf2Axb9E6B4,244,hmis.rubirizi,2024-09-12T09:28:43.845+0000,,false
klbaYAoSygw,202408,gawevOwtGES,HllvX50cXC0,Lf2Axb9E6B4,100,hmis.rubirizi,2024-09-12T09:28:49.897+0000,,false
uPOqGjcb0WR,202408,gawevOwtGES,HllvX50cXC0,Lf2Axb9E6B4,2,hmis.rubirizi,2024-09-12T09:29:20.337+0000,,false
iwAfFcLYoWM,202408,gawevOwtGES,HllvX50cXC0,Lf2Axb9E6B4,2,hmis.rubirizi,2024-09-12T09:29:17.757+0000,,false
jUSTWmbSjBP,202408,gawevOwtGES,HllvX50cXC0,Lf2Axb9E6B4,2,hmis.rubirizi,2024-09-12T09:29:22.746+0000,,false
OYsFufxF7zF,202408,gawevOwtGES,HllvX50cXC0,Lf2Axb9E6B4,1,hmis.rubirizi,2024-09-12T09:29:26.558+0000,,false
zjH9515Vbvh,202408,gawevOwtGES,HllvX50cXC0,Lf2Axb9E6B4,1,hmis.rubirizi,2024-09-12T09:29:25.155+0000,,false
bGyl6T5klnC,202408,gawevOwtGES,HllvX50cXC0,Lf2Axb9E6B4,2,hmis.rubirizi,2024-09-12T09:30:03.056+0000,,false
H2HegEiSjBe,202408,gawevOwtGES,HllvX50cXC0,Lf2Axb9E6B4,2,hmis.rubirizi,2024-09-12T09:31:28.202+0000,,false
vdHETmue6yA,202408,gawevOwtGES,IX6uC6LjzG1,Lf2Axb9E6B4,251,hmis.rubirizi,2024-09-12T09:32:00.710+0000,,false
cxY2aCiQgmy,202408,gawevOwtGES,j08vF9Q3MtR,Lf2Axb9E6B4,251,hmis.rubirizi,2024-09-12T09:32:18.496+0000,,false
JfOGWtiSj1J,202408,gawevOwtGES,HllvX50cXC0,Lf2Axb9E6B4,251,hmis.rubirizi,2024-09-12T09:32:21.904+0000,,false
OOsYcFK5YbS,202408,gawevOwtGES,HllvX50cXC0,Lf2Axb9E6B4,217,hmis.rubirizi,2024-09-12T09:33:06.795+0000,,false
RKgzwmmLqUK,202408,gawevOwtGES,HllvX50cXC0,Lf2Axb9E6B4,0,hmis.rubirizi,2024-09-25T09:56:22.589+0000,,false
RA5qTvZBF8v,202408,gawevOwtGES,HllvX50cXC0,Lf2Axb9E6B4,0,hmis.rubirizi,2024-09-25T09:56:28.310+0000,,false
NH01RQyn58l,202408,gawevOwtGES,HllvX50cXC0,Lf2Axb9E6B4,0,hmis.rubirizi,2024-09-25T09:57:17.653+0000,,false
Ftnf3Yn7oht,202408,gawevOwtGES,HllvX50cXC0,Lf2Axb9E6B4,31,hmis.rubirizi,2024-09-25T09:57:22.962+0000,,false
d9yRtY7kB3L,202408,gawevOwtGES,HllvX50cXC0,Lf2Axb9E6B4,31,hmis.rubirizi,2024-09-25T09:57:25.998+0000,,false
vfrGRFSS7ei,202408,gawevOwtGES,HllvX50cXC0,Lf2Axb9E6B4,0,hmis.rubirizi,2024-09-25T09:58:01.038+0000,,false
UW7CUMrQIUh,202408,gawevOwtGES,HllvX50cXC0,Lf2Axb9E6B4,31,hmis.rubirizi,2024-09-25T09:58:34.783+0000,,false
H8uIox9gXEA,202408,gawevOwtGES,HllvX50cXC0,Lf2Axb9E6B4,0,hmis.rubirizi,2024-09-25T09:58:37.860+0000,,false
t2ec7RhRJih,202408,gawevOwtGES,HllvX50cXC0,Lf2Axb9E6B4,0,hmis.rubirizi,2024-09-25T09:56:34.106+0000,,false
SBbhtV3VJvj,202408,gawevOwtGES,HllvX50cXC0,Lf2Axb9E6B4,0,hmis.rubirizi,2024-09-25T09:56:40.875+0000,,false
Uk5CFlynuP8,202408,gawevOwtGES,HllvX50cXC0,Lf2Axb9E6B4,0,hmis.rubirizi,2024-09-25T09:57:09.399+0000,,false
LM7oz5Glohw,202408,gawevOwtGES,HllvX50cXC0,Lf2Axb9E6B4,0,hmis.rubirizi,2024-09-25T09:57:11.667+0000,,false
eJjn1Av0vHI,202408,gawevOwtGES,HllvX50cXC0,Lf2Axb9E6B4,0,hmis.rubirizi,2024-09-25T09:57:13.983+0000,,false
aB6rpIpPXWf,202408,gawevOwtGES,HllvX50cXC0,Lf2Axb9E6B4,0,hmis.rubirizi,2024-09-25T09:57:18.850+0000,,false
Wc8HjvOATV9,202408,gawevOwtGES,HllvX50cXC0,Lf2Axb9E6B4,31,hmis.rubirizi,2024-09-25T09:57:30.296+0000,,false
YDbEU5bBWyJ,202408,gawevOwtGES,HllvX50cXC0,Lf2Axb9E6B4,31,hmis.rubirizi,2024-09-25T09:58:03.781+0000,,false
zrzLwJlJT0P,202408,gawevOwtGES,HllvX50cXC0,Lf2Axb9E6B4,0,hmis.rubirizi,2024-09-25T09:59:42.827+0000,,false
k4erSOlCCkS,202408,gawevOwtGES,HllvX50cXC0,Lf2Axb9E6B4,31,hmis.rubirizi,2024-09-25T10:00:08.535+0000,,false
WqpK9umwIgV,202408,gawevOwtGES,HllvX50cXC0,Lf2Axb9E6B4,0,hmis.rubirizi,2024-09-25T10:00:10.011+0000,,false
jEjYbOgLaEI,202408,gawevOwtGES,HllvX50cXC0,Lf2Axb9E6B4,0,hmis.rubirizi,2024-09-25T10:00:27.240+0000,,false
SQr7jL5gMBe,202408,gawevOwtGES,HllvX50cXC0,Lf2Axb9E6B4,0,hmis.rubirizi,2024-09-25T09:56:16.603+0000,,false
Z7MLPmFef54,202408,gawevOwtGES,HllvX50cXC0,Lf2Axb9E6B4,0,hmis.rubirizi,2024-09-25T09:56:39.219+0000,,false
RaHMrWfK14P,202408,gawevOwtGES,HllvX50cXC0,Lf2Axb9E6B4,0,hmis.rubirizi,2024-09-25T10:00:03.488+0000,,false
np7eWusrF7l,202408,gawevOwtGES,HllvX50cXC0,Lf2Axb9E6B4,0,hmis.rubirizi,2024-09-25T10:00:32.320+0000,,false
Q6ne3khBitH,202408,gawevOwtGES,HllvX50cXC0,Lf2Axb9E6B4,0,hmis.rubirizi,2024-09-25T09:55:19.895+0000,,false
JxQNnKwaTbR,202408,gawevOwtGES,HllvX50cXC0,Lf2Axb9E6B4,0,hmis.rubirizi,2024-09-25T09:57:27.130+0000,,false
bZGloO0dfM6,202408,gawevOwtGES,HllvX50cXC0,Lf2Axb9E6B4,0,hmis.rubirizi,2024-09-25T09:58:05.180+0000,,false
iYxpEkbr4jw,202408,gawevOwtGES,HllvX50cXC0,Lf2Axb9E6B4,0,hmis.rubirizi,2024-09-25T09:58:19.758+0000,,false
l45DU6fKh35,202408,gawevOwtGES,HllvX50cXC0,Lf2Axb9E6B4,0,hmis.rubirizi,2024-09-25T09:58:28.706+0000,,false
yMg98ft9QuB,202408,gawevOwtGES,HllvX50cXC0,Lf2Axb9E6B4,0,hmis.rubirizi,2024-09-25T09:58:36.155+0000,,false
DXBOe7Us5yo,202408,gawevOwtGES,HllvX50cXC0,Lf2Axb9E6B4,0,hmis.rubirizi,2024-09-25T09:58:40.458+0000,,false
EDOQsUzygay,202408,gawevOwtGES,HllvX50cXC0,Lf2Axb9E6B4,0,hmis.rubirizi,2024-09-25T09:58:59.670+0000,,false
XArRo0aFWMq,202408,gawevOwtGES,HllvX50cXC0,Lf2Axb9E6B4,0,hmis.rubirizi,2024-09-25T09:59:13.176+0000,,false
MiELOgN8VHl,202408,gawevOwtGES,HllvX50cXC0,Lf2Axb9E6B4,31,hmis.rubirizi,2024-09-25T09:59:23.469+0000,,false
LwQS4dn6CNo,202408,gawevOwtGES,HllvX50cXC0,Lf2Axb9E6B4,0,hmis.rubirizi,2024-09-25T09:59:28.162+0000,,false
mCBBugESiLL,202408,gawevOwtGES,HllvX50cXC0,Lf2Axb9E6B4,0,hmis.rubirizi,2024-09-25T09:59:35.054+0000,,false
lQRFuUgxIko,202408,gawevOwtGES,HllvX50cXC0,Lf2Axb9E6B4,0,hmis.rubirizi,2024-09-25T09:59:45.960+0000,,false
V3K5RNMBcpr,202408,gawevOwtGES,HllvX50cXC0,Lf2Axb9E6B4,31,hmis.rubirizi,2024-09-25T09:58:27.751+0000,,false
C6TE4BvkksF,202408,gawevOwtGES,HllvX50cXC0,Lf2Axb9E6B4,0,hmis.rubirizi,2024-09-25T09:59:37.723+0000,,false
RMbAB4oIe3v,202408,gawevOwtGES,HllvX50cXC0,Lf2Axb9E6B4,31,hmis.rubirizi,2024-09-25T09:59:47.142+0000,,false
pDoc60OZDbH,202408,gawevOwtGES,HllvX50cXC0,Lf2Axb9E6B4,0,hmis.rubirizi,2024-09-25T09:55:18.271+0000,,false
AfULYK9Vpyc,202408,gawevOwtGES,HllvX50cXC0,Lf2Axb9E6B4,0,hmis.rubirizi,2024-09-25T09:56:35.685+0000,,false
RvUzMtiTOnh,202408,gawevOwtGES,HllvX50cXC0,Lf2Axb9E6B4,0,hmis.rubirizi,2024-09-25T09:57:15.580+0000,,false
pnkTSdn1z9e,202408,gawevOwtGES,HllvX50cXC0,Lf2Axb9E6B4,31,hmis.rubirizi,2024-09-25T09:57:16.761+0000,,false
tgtarB7Bvsx,202408,gawevOwtGES,HllvX50cXC0,Lf2Axb9E6B4,0,hmis.rubirizi,2024-09-25T09:57:17.972+0000,,false
YhhLA8HoLr7,202408,gawevOwtGES,HllvX50cXC0,Lf2Axb9E6B4,0,hmis.rubirizi,2024-09-25T09:57:20.719+0000,,false
zc7pf9ctwyc,202408,gawevOwtGES,HllvX50cXC0,Lf2Axb9E6B4,0,hmis.rubirizi,2024-09-25T09:57:23.873+0000,,false
avFhBPl6YUj,202408,gawevOwtGES,HllvX50cXC0,Lf2Axb9E6B4,0,hmis.rubirizi,2024-09-25T09:57:24.165+0000,,false
wIp7Gr1lf7S,202408,gawevOwtGES,HllvX50cXC0,Lf2Axb9E6B4,0,hmis.rubirizi,2024-09-25T09:57:24.881+0000,,false
wHgX40UfiCw,202408,gawevOwtGES,HllvX50cXC0,Lf2Axb9E6B4,0,hmis.rubirizi,2024-09-25T09:57:26.770+0000,,false
iQJkiLHfOyZ,202408,gawevOwtGES,HllvX50cXC0,Lf2Axb9E6B4,0,hmis.rubirizi,2024-09-25T09:57:28.467+0000,,false
T3I0ee84Xrp,202408,gawevOwtGES,HllvX50cXC0,Lf2Axb9E6B4,0,hmis.rubirizi,2024-09-25T09:57:31.069+0000,,false
jbVZGLCmLcE,202408,gawevOwtGES,HllvX50cXC0,Lf2Axb9E6B4,0,hmis.rubirizi,2024-09-25T09:57:56.339+0000,,false
u0eqaAAypzu,202408,gawevOwtGES,HllvX50cXC0,Lf2Axb9E6B4,0,hmis.rubirizi,2024-09-25T09:57:58.937+0000,,false
GgypgARVxzI,202408,gawevOwtGES,HllvX50cXC0,Lf2Axb9E6B4,0,hmis.rubirizi,2024-09-25T09:58:02.699+0000,,false
XIIggi79snv,202408,gawevOwtGES,HllvX50cXC0,Lf2Axb9E6B4,31,hmis.rubirizi,2024-09-25T09:58:14.119+0000,,false
lx4a6tm5Ctl,202408,gawevOwtGES,HllvX50cXC0,Lf2Axb9E6B4,31,hmis.rubirizi,2024-09-25T09:58:20.887+0000,,false
bYQQBS9F9Bp,202408,gawevOwtGES,HllvX50cXC0,Lf2Axb9E6B4,0,hmis.rubirizi,2024-09-25T09:58:22.571+0000,,false
y1JeU6PTNy7,202408,gawevOwtGES,HllvX50cXC0,Lf2Axb9E6B4,0,hmis.rubirizi,2024-09-25T09:58:23.631+0000,,false
eorpVNcBh68,202408,gawevOwtGES,HllvX50cXC0,Lf2Axb9E6B4,0,hmis.rubirizi,2024-09-25T09:58:26.519+0000,,false
MVeuvhMqlyx,202408,gawevOwtGES,HllvX50cXC0,Lf2Axb9E6B4,31,hmis.rubirizi,2024-09-25T09:58:31.531+0000,,false
g6UvWXJodNP,202408,gawevOwtGES,HllvX50cXC0,Lf2Axb9E6B4,0,hmis.rubirizi,2024-09-25T09:56:17.947+0000,,false
MaYXvxNPKGR,202408,gawevOwtGES,HllvX50cXC0,Lf2Axb9E6B4,0,hmis.rubirizi,2024-09-25T09:57:21.813+0000,,false
jTFze4K9xBv,202408,gawevOwtGES,HllvX50cXC0,Lf2Axb9E6B4,0,hmis.rubirizi,2024-09-25T09:57:31.793+0000,,false
ydAtcUUXAd4,202408,gawevOwtGES,HllvX50cXC0,Lf2Axb9E6B4,0,hmis.rubirizi,2024-09-25T09:59:20.942+0000,,false
Ea8UVuVDfa5,202408,gawevOwtGES,HllvX50cXC0,Lf2Axb9E6B4,0,hmis.rubirizi,2024-09-25T09:59:54.392+0000,,false
YXxDY7UlYw0,202408,gawevOwtGES,HllvX50cXC0,Lf2Axb9E6B4,0,hmis.rubirizi,2024-09-25T09:59:21.434+0000,,false
hIF6SoT1CPV,202408,gawevOwtGES,HllvX50cXC0,Lf2Axb9E6B4,0,hmis.rubirizi,2024-09-25T09:59:44.990+0000,,false
So21oM09xKL,202408,gawevOwtGES,HllvX50cXC0,Lf2Axb9E6B4,31,hmis.rubirizi,2024-09-25T09:57:12.888+0000,,false
f65rrKcnJLg,202408,gawevOwtGES,HllvX50cXC0,Lf2Axb9E6B4,0,hmis.rubirizi,2024-09-25T09:57:14.800+0000,,false
uhDyKR4nE95,202408,gawevOwtGES,HllvX50cXC0,Lf2Axb9E6B4,0,hmis.rubirizi,2024-09-25T09:57:21.070+0000,,false
ELUJ8kvdyTi,202408,gawevOwtGES,HllvX50cXC0,Lf2Axb9E6B4,0,hmis.rubirizi,2024-09-25T09:57:55.613+0000,,false
io2jyFaluMb,202408,gawevOwtGES,HllvX50cXC0,Lf2Axb9E6B4,0,hmis.rubirizi,2024-09-25T09:57:57.852+0000,,false
aeoCYWtyaGU,202408,gawevOwtGES,HllvX50cXC0,Lf2Axb9E6B4,31,hmis.rubirizi,2024-09-25T09:58:00.139+0000,,false
QIy53MYZZHq,202408,gawevOwtGES,HllvX50cXC0,Lf2Axb9E6B4,0,hmis.rubirizi,2024-09-25T09:58:04.669+0000,,false
pgMS4A4T41F,202408,gawevOwtGES,HllvX50cXC0,Lf2Axb9E6B4,0,hmis.rubirizi,2024-09-25T09:58:09.399+0000,,false
p9xEniNiV1j,202408,gawevOwtGES,HllvX50cXC0,Lf2Axb9E6B4,0,hmis.rubirizi,2024-09-25T09:58:12.758+0000,,false
EB24zcuiRH4,202408,gawevOwtGES,HllvX50cXC0,Lf2Axb9E6B4,0,hmis.rubirizi,2024-09-25T09:58:15.462+0000,,false
Gko0hroCGQf,202408,gawevOwtGES,HllvX50cXC0,Lf2Axb9E6B4,0,hmis.rubirizi,2024-09-25T09:58:30.509+0000,,false
CHADo6zEvP7,202408,gawevOwtGES,HllvX50cXC0,Lf2Axb9E6B4,0,hmis.rubirizi,2024-09-25T09:58:49.651+0000,,false
B9tp1MLDv2F,202408,gawevOwtGES,HllvX50cXC0,Lf2Axb9E6B4,0,hmis.rubirizi,2024-09-25T09:59:01.890+0000,,false
pQS34kFrxph,202408,gawevOwtGES,HllvX50cXC0,Lf2Axb9E6B4,0,hmis.rubirizi,2024-09-25T09:59:18.090+0000,,false
FNljrtQsZDH,202408,gawevOwtGES,HllvX50cXC0,Lf2Axb9E6B4,0,hmis.rubirizi,2024-09-25T09:59:24.431+0000,,false
E6bQbrXhKgU,202408,gawevOwtGES,HllvX50cXC0,Lf2Axb9E6B4,0,hmis.rubirizi,2024-09-25T09:59:31.710+0000,,false
EEx8UTWSL9K,202408,gawevOwtGES,HllvX50cXC0,Lf2Axb9E6B4,0,hmis.rubirizi,2024-09-25T09:59:37.150+0000,,false
QfoK6gO7Ywl,202408,gawevOwtGES,HllvX50cXC0,Lf2Axb9E6B4,0,hmis.rubirizi,2024-09-25T09:59:38.902+0000,,false
WjRrKZXi5UA,202408,gawevOwtGES,HllvX50cXC0,Lf2Axb9E6B4,0,hmis.rubirizi,2024-09-25T09:59:51.422+0000,,false
rHhScmlbCBl,202408,gawevOwtGES,HllvX50cXC0,Lf2Axb9E6B4,0,hmis.rubirizi,2024-09-25T10:00:09.524+0000,,false
Ry5PQiLsEZX,202408,gawevOwtGES,HllvX50cXC0,Lf2Axb9E6B4,0,hmis.rubirizi,2024-09-25T10:00:28.071+0000,,false
Jdb1lBj4uoP,202408,gawevOwtGES,HllvX50cXC0,Lf2Axb9E6B4,0,hmis.rubirizi,2024-09-25T09:56:01.838+0000,,false
wiqUBGIcpQd,202408,gawevOwtGES,HllvX50cXC0,Lf2Axb9E6B4,0,hmis.rubirizi,2024-09-25T09:58:08.283+0000,,false
micrXkUusxI,202408,gawevOwtGES,HllvX50cXC0,Lf2Axb9E6B4,0,hmis.rubirizi,2024-09-25T09:58:15.891+0000,,false
ZYWlByvGa4Y,202408,gawevOwtGES,HllvX50cXC0,Lf2Axb9E6B4,0,hmis.rubirizi,2024-09-25T09:58:33.003+0000,,false
MdDIyLTtzVZ,202408,gawevOwtGES,HllvX50cXC0,Lf2Axb9E6B4,0,hmis.rubirizi,2024-09-25T09:58:33.647+0000,,false
FrWnOPWPbSF,202408,gawevOwtGES,HllvX50cXC0,Lf2Axb9E6B4,0,hmis.rubirizi,2024-09-25T09:58:53.191+0000,,false
CQEYQ8lyY3s,202408,gawevOwtGES,HllvX50cXC0,Lf2Axb9E6B4,0,hmis.rubirizi,2024-09-25T09:59:22.301+0000,,false
UMNerD5NBOw,202408,gawevOwtGES,HllvX50cXC0,Lf2Axb9E6B4,0,hmis.rubirizi,2024-09-25T09:59:34.091+0000,,false
ObEurrF8fkT,202408,gawevOwtGES,HllvX50cXC0,Lf2Axb9E6B4,0,hmis.rubirizi,2024-09-25T09:59:48.292+0000,,false
PD0KQJ5jSiV,202408,gawevOwtGES,HllvX50cXC0,Lf2Axb9E6B4,0,hmis.rubirizi,2024-09-25T09:58:29.321+0000,,false
U103VVvl2Km,202408,gawevOwtGES,HllvX50cXC0,Lf2Axb9E6B4,0,hmis.rubirizi,2024-09-25T09:58:32.482+0000,,false
sO1U2VBiaTL,202408,gawevOwtGES,HllvX50cXC0,Lf2Axb9E6B4,0,hmis.rubirizi,2024-09-25T09:58:35.784+0000,,false
mOOdFWzGNAD,202408,gawevOwtGES,HllvX50cXC0,Lf2Axb9E6B4,0,hmis.rubirizi,2024-09-25T09:58:47.385+0000,,false
AdBRLfOzQQP,202408,gawevOwtGES,HllvX50cXC0,Lf2Axb9E6B4,0,hmis.rubirizi,2024-09-25T09:58:50.197+0000,,false
TiTizk6ySeY,202408,gawevOwtGES,HllvX50cXC0,Lf2Axb9E6B4,31,hmis.rubirizi,2024-09-25T09:58:52.442+0000,,false
yQyD3fmgUkC,202408,gawevOwtGES,HllvX50cXC0,Lf2Axb9E6B4,31,hmis.rubirizi,2024-09-25T09:59:00.903+0000,,false
MSKEKWtoB54,202408,gawevOwtGES,HllvX50cXC0,Lf2Axb9E6B4,0,hmis.rubirizi,2024-09-25T09:59:06.343+0000,,false
ia9dCV1swjb,202408,gawevOwtGES,HllvX50cXC0,Lf2Axb9E6B4,31,hmis.rubirizi,2024-09-25T09:59:44.166+0000,,false
KjL3gz0ztDT,202408,gawevOwtGES,HllvX50cXC0,Lf2Axb9E6B4,0,hmis.rubirizi,2024-09-25T09:59:45.270+0000,,false
x9HO4Wzv7rx,202408,gawevOwtGES,HllvX50cXC0,Lf2Axb9E6B4,0,hmis.rubirizi,2024-09-25T09:59:55.154+0000,,false
ydkgbCWZ0u9,202408,gawevOwtGES,HllvX50cXC0,Lf2Axb9E6B4,0,hmis.rubirizi,2024-09-25T09:56:14.692+0000,,false
RooCY6sOLZo,202408,gawevOwtGES,HllvX50cXC0,Lf2Axb9E6B4,0,hmis.rubirizi,2024-09-25T09:56:25.080+0000,,false
tXhsTnLY5q1,202408,gawevOwtGES,HllvX50cXC0,Lf2Axb9E6B4,0,hmis.rubirizi,2024-09-25T09:56:29.920+0000,,false
RUgRUwwMAlh,202408,gawevOwtGES,HllvX50cXC0,Lf2Axb9E6B4,31,hmis.rubirizi,2024-09-25T09:57:19.940+0000,,false
MMmOpkseCwP,202408,gawevOwtGES,HllvX50cXC0,Lf2Axb9E6B4,0,hmis.rubirizi,2024-09-25T09:58:01.721+0000,,false
Zbmfh4YV81V,202408,gawevOwtGES,HllvX50cXC0,Lf2Axb9E6B4,0,hmis.rubirizi,2024-09-25T09:59:18.906+0000,,false
mtl18MPGwtc,202408,gawevOwtGES,HllvX50cXC0,Lf2Axb9E6B4,0,hmis.rubirizi,2024-09-25T09:59:41.311+0000,,false
uPxx6wu73ZL,202408,gawevOwtGES,HllvX50cXC0,Lf2Axb9E6B4,31,hmis.rubirizi,2024-09-25T09:59:50.254+0000,,false
VkjK3NWHyJR,202408,gawevOwtGES,HllvX50cXC0,Lf2Axb9E6B4,0,hmis.rubirizi,2024-09-25T09:59:52.241+0000,,false
yIWazgZwraU,202408,gawevOwtGES,HllvX50cXC0,Lf2Axb9E6B4,0,hmis.rubirizi,2024-09-25T10:00:10.813+0000,,false
tViJTDJyvRx,202408,gawevOwtGES,HllvX50cXC0,Lf2Axb9E6B4,0,hmis.rubirizi,2024-09-25T10:00:24.582+0000,,false
XcKSEjnZEut,202408,gawevOwtGES,HllvX50cXC0,Lf2Axb9E6B4,31,hmis.rubirizi,2024-09-25T10:00:25.688+0000,,false
KVma72HXIFm,202408,gawevOwtGES,HllvX50cXC0,Lf2Axb9E6B4,31,hmis.rubirizi,2024-09-25T10:00:29.261+0000,,false
eSjJv1tjFWu,202408,gawevOwtGES,HllvX50cXC0,Lf2Axb9E6B4,0,hmis.rubirizi,2024-09-25T09:55:20.679+0000,,false
H4UtEhJHCIb,202408,gawevOwtGES,HllvX50cXC0,Lf2Axb9E6B4,0,hmis.rubirizi,2024-09-25T09:56:07.333+0000,,false
FjDiDncMSYs,202408,gawevOwtGES,HllvX50cXC0,Lf2Axb9E6B4,0,hmis.rubirizi,2024-09-25T09:59:51.094+0000,,false
R3OzIXOWCOe,202408,gawevOwtGES,HllvX50cXC0,Lf2Axb9E6B4,31,hmis.rubirizi,2024-09-25T09:58:38.865+0000,,false
ex3OpmyHlxP,202408,gawevOwtGES,HllvX50cXC0,Lf2Axb9E6B4,0,hmis.rubirizi,2024-09-25T09:58:39.854+0000,,false
xQ8AWPY8Ude,202408,gawevOwtGES,HllvX50cXC0,Lf2Axb9E6B4,31,hmis.rubirizi,2024-09-25T09:58:42.688+0000,,false
HPMRhsim2CG,202408,gawevOwtGES,HllvX50cXC0,Lf2Axb9E6B4,0,hmis.rubirizi,2024-09-25T09:58:43.594+0000,,false
oxs9PnKVkY9,202408,gawevOwtGES,HllvX50cXC0,Lf2Axb9E6B4,0,hmis.rubirizi,2024-09-25T09:58:51.014+0000,,false
jrWc3PfVAAK,202408,gawevOwtGES,HllvX50cXC0,Lf2Axb9E6B4,0,hmis.rubirizi,2024-09-25T09:59:02.571+0000,,false
uoCNTBk8wCN,202408,gawevOwtGES,HllvX50cXC0,Lf2Axb9E6B4,31,hmis.rubirizi,2024-09-25T09:59:07.440+0000,,false
H9cd4w2pZz7,202408,gawevOwtGES,HllvX50cXC0,Lf2Axb9E6B4,31,hmis.rubirizi,2024-09-25T09:59:12.274+0000,,false
ba82zZBuypr,202408,gawevOwtGES,HllvX50cXC0,Lf2Axb9E6B4,0,hmis.rubirizi,2024-09-25T09:59:13.786+0000,,false
mDqfoaIlslo,202408,gawevOwtGES,HllvX50cXC0,Lf2Axb9E6B4,0,hmis.rubirizi,2024-09-25T09:59:15.440+0000,,false
RgJfEDFIOmI,202408,gawevOwtGES,HllvX50cXC0,Lf2Axb9E6B4,31,hmis.rubirizi,2024-09-25T09:59:17.273+0000,,false
cPQww1wkUF5,202408,gawevOwtGES,HllvX50cXC0,Lf2Axb9E6B4,0,hmis.rubirizi,2024-09-25T09:59:17.921+0000,,false
AQBgo2lFYcB,202408,gawevOwtGES,HllvX50cXC0,Lf2Axb9E6B4,31,hmis.rubirizi,2024-09-25T09:59:20.143+0000,,false
CR482O9NVwb,202408,gawevOwtGES,HllvX50cXC0,Lf2Axb9E6B4,0,hmis.rubirizi,2024-09-25T09:59:24.899+0000,,false
YBrTKDdbjeZ,202408,gawevOwtGES,HllvX50cXC0,Lf2Axb9E6B4,31,hmis.rubirizi,2024-09-25T09:59:29.191+0000,,false
tZhzAESh4sL,202408,gawevOwtGES,HllvX50cXC0,Lf2Axb9E6B4,0,hmis.rubirizi,2024-09-25T09:59:30.132+0000,,false
RQ1tlXaPcar,202408,gawevOwtGES,HllvX50cXC0,Lf2Axb9E6B4,0,hmis.rubirizi,2024-09-25T09:59:33.660+0000,,false
lqKvHtoTCSI,202408,gawevOwtGES,HllvX50cXC0,Lf2Axb9E6B4,31,hmis.rubirizi,2024-09-25T09:59:36.314+0000,,false
Y2rG87X018G,202408,gawevOwtGES,HllvX50cXC0,Lf2Axb9E6B4,0,hmis.rubirizi,2024-09-25T09:59:49.240+0000,,false
IksyrSS2A3e,202408,gawevOwtGES,HllvX50cXC0,Lf2Axb9E6B4,31,hmis.rubirizi,2024-09-25T09:59:56.417+0000,,false
hANVx2Y5XjG,202408,gawevOwtGES,HllvX50cXC0,Lf2Axb9E6B4,31,hmis.rubirizi,2024-09-25T10:00:04.684+0000,,false
G998reqcHxo,202408,gawevOwtGES,HllvX50cXC0,Lf2Axb9E6B4,0,hmis.rubirizi,2024-09-25T10:00:05.862+0000,,false
pzFHcVuOC7F,202408,gawevOwtGES,HllvX50cXC0,Lf2Axb9E6B4,0,hmis.rubirizi,2024-09-25T10:00:06.502+0000,,false
lTLNDFuDDba,202408,gawevOwtGES,HllvX50cXC0,Lf2Axb9E6B4,0,hmis.rubirizi,2024-09-25T10:00:07.370+0000,,false
dS1SBQizsCk,202408,gawevOwtGES,HllvX50cXC0,Lf2Axb9E6B4,31,hmis.rubirizi,2024-09-25T10:00:15.958+0000,,false
vLfFqTKaUZc,202408,gawevOwtGES,HllvX50cXC0,Lf2Axb9E6B4,0,hmis.rubirizi,2024-09-25T10:00:21.034+0000,,false
Cyt3BC4JNR5,202408,gawevOwtGES,HllvX50cXC0,Lf2Axb9E6B4,31,hmis.rubirizi,2024-09-25T10:00:22.383+0000,,false
M7QQo23mMqK,202408,gawevOwtGES,HllvX50cXC0,Lf2Axb9E6B4,0,hmis.rubirizi,2024-09-25T10:00:23.213+0000,,false
V2IeNGMa5aZ,202408,gawevOwtGES,HllvX50cXC0,Lf2Axb9E6B4,0,hmis.rubirizi,2024-09-25T10:00:23.644+0000,,false
LIyDtNQVsGo,202408,gawevOwtGES,HllvX50cXC0,Lf2Axb9E6B4,0,hmis.rubirizi,2024-09-25T10:00:26.594+0000,,false
fFsNsiGg2CB,202408,gawevOwtGES,HllvX50cXC0,Lf2Axb9E6B4,0,hmis.rubirizi,2024-09-25T09:58:41.560+0000,,false
tJrUDw21Xmb,202408,gawevOwtGES,HllvX50cXC0,Lf2Axb9E6B4,0,hmis.rubirizi,2024-09-25T09:58:46.167+0000,,false
LkQrMVTYCPz,202408,gawevOwtGES,HllvX50cXC0,Lf2Axb9E6B4,31,hmis.rubirizi,2024-09-25T09:58:48.876+0000,,false
btxC6bS9r1M,202408,gawevOwtGES,HllvX50cXC0,Lf2Axb9E6B4,0,hmis.rubirizi,2024-09-25T09:58:57.136+0000,,false
WQGiJmR3Fpn,202408,gawevOwtGES,HllvX50cXC0,Lf2Axb9E6B4,0,hmis.rubirizi,2024-09-25T09:59:08.530+0000,,false
F3qRgHbdaGn,202408,gawevOwtGES,HllvX50cXC0,Lf2Axb9E6B4,0,hmis.rubirizi,2024-09-25T09:59:08.840+0000,,false
QYtOYWYSof5,202408,gawevOwtGES,HllvX50cXC0,Lf2Axb9E6B4,0,hmis.rubirizi,2024-09-25T09:59:11.349+0000,,false
T0TejU8ASOy,202408,gawevOwtGES,HllvX50cXC0,Lf2Axb9E6B4,0,hmis.rubirizi,2024-09-25T09:59:30.682+0000,,false
nySjHa5fLGm,202408,gawevOwtGES,HllvX50cXC0,Lf2Axb9E6B4,31,hmis.rubirizi,2024-09-25T09:59:32.762+0000,,false
Xsan86wc3PJ,202408,gawevOwtGES,HllvX50cXC0,Lf2Axb9E6B4,31,hmis.rubirizi,2024-09-25T09:59:40.111+0000,,false
ya5mexhLqPi,202408,gawevOwtGES,HllvX50cXC0,Lf2Axb9E6B4,0,hmis.rubirizi,2024-09-25T09:59:40.950+0000,,false
AhfrSeifgVM,202408,gawevOwtGES,HllvX50cXC0,Lf2Axb9E6B4,0,hmis.rubirizi,2024-09-25T09:59:47.928+0000,,false
whzcuwyG1mb,202408,gawevOwtGES,HllvX50cXC0,Lf2Axb9E6B4,31,hmis.rubirizi,2024-09-25T09:59:53.310+0000,,false
L2exKCG9ZxY,202408,gawevOwtGES,HllvX50cXC0,Lf2Axb9E6B4,0,hmis.rubirizi,2024-09-25T09:59:54.101+0000,,false
qXdpOMhAsLE,202408,gawevOwtGES,HllvX50cXC0,Lf2Axb9E6B4,0,hmis.rubirizi,2024-09-25T09:59:57.275+0000,,false
cdMpfZVEhxN,202408,gawevOwtGES,HllvX50cXC0,Lf2Axb9E6B4,0,hmis.rubirizi,2024-09-25T10:00:02.411+0000,,false
Q0KPtGrBoQb,202408,gawevOwtGES,HllvX50cXC0,Lf2Axb9E6B4,31,hmis.rubirizi,2024-09-25T10:00:12.210+0000,,false
Fjuod4X2s6q,202408,gawevOwtGES,HllvX50cXC0,Lf2Axb9E6B4,0,hmis.rubirizi,2024-09-25T10:00:13.428+0000,,false
GJh7HiEjOFA,202408,gawevOwtGES,HllvX50cXC0,Lf2Axb9E6B4,0,hmis.rubirizi,2024-09-25T10:00:13.890+0000,,false
NOAUnQ5exkd,202408,gawevOwtGES,HllvX50cXC0,Lf2Axb9E6B4,0,hmis.rubirizi,2024-09-25T10:00:14.703+0000,,false
eIdyJNIeFMU,202408,gawevOwtGES,HllvX50cXC0,Lf2Axb9E6B4,0,hmis.rubirizi,2024-09-25T10:00:17.010+0000,,false
ZQGRrTL9f7f,202408,gawevOwtGES,HllvX50cXC0,Lf2Axb9E6B4,0,hmis.rubirizi,2024-09-25T10:00:17.464+0000,,false
kFVmUnfCxTc,202408,gawevOwtGES,HllvX50cXC0,Lf2Axb9E6B4,0,hmis.rubirizi,2024-09-25T10:00:30.462+0000,,false
SFMipMUafSk,202409,gawevOwtGES,qMHtANd83kh,Lf2Axb9E6B4,1,hmis.rugazihciv,2024-10-17T07:53:45.234+0000,,false
YO2bn9akmtj,202409,gawevOwtGES,qMHtANd83kh,Lf2Axb9E6B4,1,hmis.rugazihciv,2024-10-17T07:54:57.940+0000,,false
SFMipMUafSk,202409,gawevOwtGES,hzxRKJVw1qz,Lf2Axb9E6B4,1,hmis.rugazihciv,2024-10-17T07:53:45.235+0000,,false
YO2bn9akmtj,202409,gawevOwtGES,hzxRKJVw1qz,Lf2Axb9E6B4,1,hmis.rugazihciv,2024-10-17T07:55:01.964+0000,,false
YO2bn9akmtj,202409,gawevOwtGES,KQym92Lq7PP,Lf2Axb9E6B4,1,hmis.rugazihciv,2024-10-17T07:55:04.463+0000,,false
SFMipMUafSk,202409,gawevOwtGES,KQym92Lq7PP,Lf2Axb9E6B4,1,hmis.rugazihciv,2024-10-17T07:54:56.660+0000,,false
JfOGWtiSj1J,202409,gawevOwtGES,HllvX50cXC0,Lf2Axb9E6B4,52,hmis.rugazihciv,2024-10-17T07:57:12.391+0000,,false
OOsYcFK5YbS,202409,gawevOwtGES,HllvX50cXC0,Lf2Axb9E6B4,16,hmis.rugazihciv,2024-10-17T07:57:20.756+0000,,false
lLCw5i5eoQn,202409,gawevOwtGES,HllvX50cXC0,Lf2Axb9E6B4,1,hmis.rugazihciv,2024-10-17T07:58:02.491+0000,,false
G5MxyfW7dH5,202409,gawevOwtGES,HllvX50cXC0,Lf2Axb9E6B4,1,hmis.rugazihciv,2024-10-17T07:57:24.408+0000,,false
qPPkRwNbQLK,202409,gawevOwtGES,aAUl3oSbjQ0,Lf2Axb9E6B4,1,hmis.rugazihciv,2024-10-17T07:58:03.542+0000,,false
vdHETmue6yA,202409,gawevOwtGES,IX6uC6LjzG1,Lf2Axb9E6B4,62,hmis.rugazihciv,2024-10-17T07:59:13.248+0000,,false
cxY2aCiQgmy,202409,gawevOwtGES,j08vF9Q3MtR,Lf2Axb9E6B4,8,hmis.rugazihciv,2024-10-17T08:00:54.238+0000,,false
wUDxFVBapIc,202407,gawevOwtGES,c7gvocRdg0f,Lf2Axb9E6B4,21,hmis.rubirizi,2024-10-19T12:20:17.003+0000,,false
QHnwKs2OUZv,202407,gawevOwtGES,u3CkZqMHfHP,Lf2Axb9E6B4,33,hmis.rubirizi,2024-10-19T12:20:37.701+0000,,false
sv6SeKroHPV,202407,gawevOwtGES,XVHTeecEOM3,Lf2Axb9E6B4,118,hmis.rubirizi,2024-10-19T12:19:31.065+0000,,false
JhvC7ZR9hUe,202407,gawevOwtGES,huBy3W5qiD2,Lf2Axb9E6B4,17,hmis.rubirizi,2024-10-19T12:19:55.871+0000,,false
JhvC7ZR9hUe,202407,gawevOwtGES,Crc5reUlspd,Lf2Axb9E6B4,15,hmis.rubirizi,2024-10-19T12:19:58.282+0000,,false
JhvC7ZR9hUe,202407,gawevOwtGES,dCKzhhINakS,Lf2Axb9E6B4,42,hmis.rubirizi,2024-10-19T12:20:00.824+0000,,false
D9A0afrTYPw,202407,gawevOwtGES,Crc5reUlspd,Lf2Axb9E6B4,11,hmis.rubirizi,2024-10-19T12:20:07.485+0000,,false
D9A0afrTYPw,202407,gawevOwtGES,XVHTeecEOM3,Lf2Axb9E6B4,40,hmis.rubirizi,2024-10-19T12:20:12.692+0000,,false
wUDxFVBapIc,202407,gawevOwtGES,V2OuNTRI6ua,Lf2Axb9E6B4,13,hmis.rubirizi,2024-10-19T12:20:14.221+0000,,false
wUDxFVBapIc,202407,gawevOwtGES,F1rms8f9I9a,Lf2Axb9E6B4,11,hmis.rubirizi,2024-10-19T12:20:15.680+0000,,false
wUDxFVBapIc,202407,gawevOwtGES,XVHTeecEOM3,Lf2Axb9E6B4,40,hmis.rubirizi,2024-10-19T12:20:31.106+0000,,false
QHnwKs2OUZv,202407,gawevOwtGES,huBy3W5qiD2,Lf2Axb9E6B4,14,hmis.rubirizi,2024-10-19T12:20:33.469+0000,,false
LiSyn6bblsc,202407,gawevOwtGES,dCKzhhINakS,Lf2Axb9E6B4,4,hmis.rubirizi,2024-10-19T12:20:58.848+0000,,false
LR8778hLH8U,202407,gawevOwtGES,huBy3W5qiD2,Lf2Axb9E6B4,14,hmis.rubirizi,2024-10-19T12:21:42.444+0000,,false
LR8778hLH8U,202407,gawevOwtGES,u3CkZqMHfHP,Lf2Axb9E6B4,7,hmis.rubirizi,2024-10-19T12:21:46.851+0000,,false
y6ofkvr4JP8,202407,gawevOwtGES,Crc5reUlspd,Lf2Axb9E6B4,3,hmis.rubirizi,2024-10-19T12:22:04.725+0000,,false
y6ofkvr4JP8,202407,gawevOwtGES,dCKzhhINakS,Lf2Axb9E6B4,6,hmis.rubirizi,2024-10-19T12:22:07.034+0000,,false
uqferbMcOHI,202407,gawevOwtGES,c7gvocRdg0f,Lf2Axb9E6B4,2,hmis.rubirizi,2024-10-19T12:23:20.472+0000,,false
uqferbMcOHI,202407,gawevOwtGES,dCKzhhINakS,Lf2Axb9E6B4,2,hmis.rubirizi,2024-10-19T12:23:22.082+0000,,false
PgLUhukgbZu,202407,gawevOwtGES,dCKzhhINakS,Lf2Axb9E6B4,2,hmis.rubirizi,2024-10-19T12:23:45.024+0000,,false
PgLUhukgbZu,202407,gawevOwtGES,XVHTeecEOM3,Lf2Axb9E6B4,1,hmis.rubirizi,2024-10-19T12:24:56.330+0000,,false
hTBgki6DhH4,202407,gawevOwtGES,dCKzhhINakS,Lf2Axb9E6B4,2,hmis.rubirizi,2024-10-19T12:25:05.184+0000,,false
hTBgki6DhH4,202407,gawevOwtGES,XVHTeecEOM3,Lf2Axb9E6B4,1,hmis.rubirizi,2024-10-19T12:25:09.674+0000,,false
GqvGVF75ihM,202407,gawevOwtGES,dCKzhhINakS,Lf2Axb9E6B4,1,hmis.rubirizi,2024-10-19T12:25:10.619+0000,,false
GqvGVF75ihM,202407,gawevOwtGES,XVHTeecEOM3,Lf2Axb9E6B4,1,hmis.rubirizi,2024-10-19T12:25:11.065+0000,,false
pcMUBDYvP6F,202407,gawevOwtGES,dCKzhhINakS,Lf2Axb9E6B4,32,hmis.rubirizi,2024-10-19T12:26:34.222+0000,,false
sv6SeKroHPV,202407,gawevOwtGES,V2OuNTRI6ua,Lf2Axb9E6B4,24,hmis.rubirizi,2024-10-19T12:19:10.525+0000,,false
sv6SeKroHPV,202407,gawevOwtGES,c7gvocRdg0f,Lf2Axb9E6B4,27,hmis.rubirizi,2024-10-19T12:19:19.583+0000,,false
JhvC7ZR9hUe,202407,gawevOwtGES,V2OuNTRI6ua,Lf2Axb9E6B4,17,hmis.rubirizi,2024-10-19T12:19:54.891+0000,,false
JhvC7ZR9hUe,202407,gawevOwtGES,c7gvocRdg0f,Lf2Axb9E6B4,25,hmis.rubirizi,2024-10-19T12:19:59.153+0000,,false
D9A0afrTYPw,202407,gawevOwtGES,F1rms8f9I9a,Lf2Axb9E6B4,11,hmis.rubirizi,2024-10-19T12:20:06.802+0000,,false
D9A0afrTYPw,202407,gawevOwtGES,c7gvocRdg0f,Lf2Axb9E6B4,21,hmis.rubirizi,2024-10-19T12:20:08.606+0000,,false
D9A0afrTYPw,202407,gawevOwtGES,dCKzhhINakS,Lf2Axb9E6B4,30,hmis.rubirizi,2024-10-19T12:20:11.189+0000,,false
QHnwKs2OUZv,202407,gawevOwtGES,V2OuNTRI6ua,Lf2Axb9E6B4,13,hmis.rubirizi,2024-10-19T12:20:32.659+0000,,false
LiSyn6bblsc,202407,gawevOwtGES,XVHTeecEOM3,Lf2Axb9E6B4,3,hmis.rubirizi,2024-10-19T12:20:59.573+0000,,false
LR8778hLH8U,202407,gawevOwtGES,c7gvocRdg0f,Lf2Axb9E6B4,4,hmis.rubirizi,2024-10-19T12:21:46.255+0000,,false
y6ofkvr4JP8,202407,gawevOwtGES,F1rms8f9I9a,Lf2Axb9E6B4,1,hmis.rubirizi,2024-10-19T12:22:04.079+0000,,false
y6ofkvr4JP8,202407,gawevOwtGES,XVHTeecEOM3,Lf2Axb9E6B4,2,hmis.rubirizi,2024-10-19T12:22:11.558+0000,,false
Rw3b8mGkyfh,202407,gawevOwtGES,u3CkZqMHfHP,Lf2Axb9E6B4,2,hmis.rubirizi,2024-10-19T12:22:37.895+0000,,false
Rw3b8mGkyfh,202407,gawevOwtGES,XVHTeecEOM3,Lf2Axb9E6B4,13,hmis.rubirizi,2024-10-19T12:22:46.295+0000,,false
O7du4F9jOVw,202407,gawevOwtGES,XVHTeecEOM3,Lf2Axb9E6B4,1,hmis.rubirizi,2024-10-19T12:25:26.672+0000,,false
eJ6uwSt5TEp,202407,gawevOwtGES,XVHTeecEOM3,Lf2Axb9E6B4,19,hmis.rubirizi,2024-10-19T12:26:15.389+0000,,false
sv6SeKroHPV,202407,gawevOwtGES,huBy3W5qiD2,Lf2Axb9E6B4,29,hmis.rubirizi,2024-10-19T12:19:11.414+0000,,false
sv6SeKroHPV,202407,gawevOwtGES,Crc5reUlspd,Lf2Axb9E6B4,19,hmis.rubirizi,2024-10-19T12:19:16.557+0000,,false
sv6SeKroHPV,202407,gawevOwtGES,u3CkZqMHfHP,Lf2Axb9E6B4,49,hmis.rubirizi,2024-10-19T12:19:20.633+0000,,false
aU0n2RXwQJC,202407,gawevOwtGES,dCKzhhINakS,Lf2Axb9E6B4,1,hmis.rubirizi,2024-10-19T12:19:46.950+0000,,false
D9A0afrTYPw,202407,gawevOwtGES,u3CkZqMHfHP,Lf2Axb9E6B4,33,hmis.rubirizi,2024-10-19T12:20:09.943+0000,,false
wUDxFVBapIc,202407,gawevOwtGES,Crc5reUlspd,Lf2Axb9E6B4,11,hmis.rubirizi,2024-10-19T12:20:16.173+0000,,false
wUDxFVBapIc,202407,gawevOwtGES,u3CkZqMHfHP,Lf2Axb9E6B4,33,hmis.rubirizi,2024-10-19T12:20:26.559+0000,,false
QHnwKs2OUZv,202407,gawevOwtGES,Crc5reUlspd,Lf2Axb9E6B4,11,hmis.rubirizi,2024-10-19T12:20:35.708+0000,,false
QHnwKs2OUZv,202407,gawevOwtGES,dCKzhhINakS,Lf2Axb9E6B4,30,hmis.rubirizi,2024-10-19T12:20:38.950+0000,,false
QHnwKs2OUZv,202407,gawevOwtGES,XVHTeecEOM3,Lf2Axb9E6B4,40,hmis.rubirizi,2024-10-19T12:20:40.018+0000,,false
LiSyn6bblsc,202407,gawevOwtGES,huBy3W5qiD2,Lf2Axb9E6B4,3,hmis.rubirizi,2024-10-19T12:20:55.565+0000,,false
KaqDbaq0Yce,202407,gawevOwtGES,XVHTeecEOM3,Lf2Axb9E6B4,8,hmis.rubirizi,2024-10-19T12:21:20.648+0000,,false
WIJ0fbjLIJh,202407,gawevOwtGES,dCKzhhINakS,Lf2Axb9E6B4,14,hmis.rubirizi,2024-10-19T12:21:26.030+0000,,false
WIJ0fbjLIJh,202407,gawevOwtGES,XVHTeecEOM3,Lf2Axb9E6B4,5,hmis.rubirizi,2024-10-19T12:21:28.897+0000,,false
LR8778hLH8U,202407,gawevOwtGES,dCKzhhINakS,Lf2Axb9E6B4,15,hmis.rubirizi,2024-10-19T12:21:49.025+0000,,false
LR8778hLH8U,202407,gawevOwtGES,XVHTeecEOM3,Lf2Axb9E6B4,5,hmis.rubirizi,2024-10-19T12:21:59.374+0000,,false
gN26QajXn26,202407,gawevOwtGES,XVHTeecEOM3,Lf2Axb9E6B4,1,hmis.rubirizi,2024-10-19T12:22:12.292+0000,,false
Rw3b8mGkyfh,202407,gawevOwtGES,dCKzhhINakS,Lf2Axb9E6B4,8,hmis.rubirizi,2024-10-19T12:22:38.354+0000,,false
uqferbMcOHI,202407,gawevOwtGES,u3CkZqMHfHP,Lf2Axb9E6B4,3,hmis.rubirizi,2024-10-19T12:23:21.699+0000,,false
eJ6uwSt5TEp,202407,gawevOwtGES,u3CkZqMHfHP,Lf2Axb9E6B4,3,hmis.rubirizi,2024-10-19T12:26:12.051+0000,,false
eJ6uwSt5TEp,202407,gawevOwtGES,dCKzhhINakS,Lf2Axb9E6B4,34,hmis.rubirizi,2024-10-19T12:26:13.122+0000,,false
ors2q2LHiMG,202407,gawevOwtGES,RKbp3GCvRrF,Lf2Axb9E6B4,53,hmis.rubirizi,2024-10-19T12:28:00.331+0000,,false
bkCFVYMFMed,202407,gawevOwtGES,BhfsRQm30RP,Lf2Axb9E6B4,3,hmis.rubirizi,2024-10-19T12:29:20.928+0000,,false
fy34HLoHa0x,202407,gawevOwtGES,HllvX50cXC0,Lf2Axb9E6B4,70920,hmis.rubirizi,2024-10-19T12:34:34.382+0000,,false
sv6SeKroHPV,202407,gawevOwtGES,F1rms8f9I9a,Lf2Axb9E6B4,16,hmis.rubirizi,2024-10-19T12:19:13.028+0000,,false
D9A0afrTYPw,202407,gawevOwtGES,V2OuNTRI6ua,Lf2Axb9E6B4,13,hmis.rubirizi,2024-10-19T12:20:05.117+0000,,false
D9A0afrTYPw,202407,gawevOwtGES,huBy3W5qiD2,Lf2Axb9E6B4,14,hmis.rubirizi,2024-10-19T12:20:05.742+0000,,false
wUDxFVBapIc,202407,gawevOwtGES,huBy3W5qiD2,Lf2Axb9E6B4,14,hmis.rubirizi,2024-10-19T12:20:15.074+0000,,false
QHnwKs2OUZv,202407,gawevOwtGES,F1rms8f9I9a,Lf2Axb9E6B4,11,hmis.rubirizi,2024-10-19T12:20:34.260+0000,,false
KaqDbaq0Yce,202407,gawevOwtGES,dCKzhhINakS,Lf2Axb9E6B4,7,hmis.rubirizi,2024-10-19T12:21:18.558+0000,,false
LR8778hLH8U,202407,gawevOwtGES,Crc5reUlspd,Lf2Axb9E6B4,5,hmis.rubirizi,2024-10-19T12:21:43.632+0000,,false
y6ofkvr4JP8,202407,gawevOwtGES,u3CkZqMHfHP,Lf2Axb9E6B4,2,hmis.rubirizi,2024-10-19T12:22:06.486+0000,,false
PgLUhukgbZu,202407,gawevOwtGES,u3CkZqMHfHP,Lf2Axb9E6B4,1,hmis.rubirizi,2024-10-19T12:23:44.316+0000,,false
LwMHVYBkzx9,202407,gawevOwtGES,QzcaaLV5dVM,Lf2Axb9E6B4,11,hmis.rubirizi,2024-10-19T12:27:09.480+0000,,false
LwMHVYBkzx9,202407,gawevOwtGES,Q29KLru4s67,Lf2Axb9E6B4,16,hmis.rubirizi,2024-10-19T12:27:11.909+0000,,false
LwMHVYBkzx9,202407,gawevOwtGES,zBEtAxHIaIx,Lf2Axb9E6B4,119,hmis.rubirizi,2024-10-19T12:27:16.892+0000,,false
ors2q2LHiMG,202407,gawevOwtGES,vrSTfWaEZfP,Lf2Axb9E6B4,1,hmis.rubirizi,2024-10-19T12:27:55.929+0000,,false
YUMYaALzPui,202407,gawevOwtGES,OUPWAOZojRb,Lf2Axb9E6B4,47,hmis.rubirizi,2024-10-19T12:27:57.318+0000,,false
sv6SeKroHPV,202407,gawevOwtGES,dCKzhhINakS,Lf2Axb9E6B4,119,hmis.rubirizi,2024-10-19T12:19:22.910+0000,,false
sQ4EexvvhVe,202407,gawevOwtGES,dCKzhhINakS,Lf2Axb9E6B4,2,hmis.rubirizi,2024-10-19T12:19:37.104+0000,,false
sQ4EexvvhVe,202407,gawevOwtGES,XVHTeecEOM3,Lf2Axb9E6B4,1,hmis.rubirizi,2024-10-19T12:19:44.762+0000,,false
JhvC7ZR9hUe,202407,gawevOwtGES,F1rms8f9I9a,Lf2Axb9E6B4,13,hmis.rubirizi,2024-10-19T12:19:57.333+0000,,false
JhvC7ZR9hUe,202407,gawevOwtGES,u3CkZqMHfHP,Lf2Axb9E6B4,40,hmis.rubirizi,2024-10-19T12:20:00.274+0000,,false
JhvC7ZR9hUe,202407,gawevOwtGES,XVHTeecEOM3,Lf2Axb9E6B4,51,hmis.rubirizi,2024-10-19T12:20:02.252+0000,,false
wUDxFVBapIc,202407,gawevOwtGES,dCKzhhINakS,Lf2Axb9E6B4,30,hmis.rubirizi,2024-10-19T12:20:28.977+0000,,false
QHnwKs2OUZv,202407,gawevOwtGES,c7gvocRdg0f,Lf2Axb9E6B4,21,hmis.rubirizi,2024-10-19T12:20:36.667+0000,,false
LiSyn6bblsc,202407,gawevOwtGES,V2OuNTRI6ua,Lf2Axb9E6B4,6,hmis.rubirizi,2024-10-19T12:20:54.302+0000,,false
LiSyn6bblsc,202407,gawevOwtGES,Crc5reUlspd,Lf2Axb9E6B4,1,hmis.rubirizi,2024-10-19T12:20:57.540+0000,,false
WIJ0fbjLIJh,202407,gawevOwtGES,u3CkZqMHfHP,Lf2Axb9E6B4,2,hmis.rubirizi,2024-10-19T12:21:25.389+0000,,false
LR8778hLH8U,202407,gawevOwtGES,V2OuNTRI6ua,Lf2Axb9E6B4,10,hmis.rubirizi,2024-10-19T12:21:42.038+0000,,false
LR8778hLH8U,202407,gawevOwtGES,F1rms8f9I9a,Lf2Axb9E6B4,6,hmis.rubirizi,2024-10-19T12:21:43.029+0000,,false
y6ofkvr4JP8,202407,gawevOwtGES,huBy3W5qiD2,Lf2Axb9E6B4,1,hmis.rubirizi,2024-10-19T12:22:03.717+0000,,false
SPADxEItrIQ,202407,gawevOwtGES,huBy3W5qiD2,Lf2Axb9E6B4,1,hmis.rubirizi,2024-10-19T12:22:47.626+0000,,false
uqferbMcOHI,202407,gawevOwtGES,XVHTeecEOM3,Lf2Axb9E6B4,2,hmis.rubirizi,2024-10-19T12:23:31.897+0000,,false
P2wDiYT9Ldr,202407,gawevOwtGES,dCKzhhINakS,Lf2Axb9E6B4,1,hmis.rubirizi,2024-10-19T12:23:42.723+0000,,false
O7du4F9jOVw,202407,gawevOwtGES,dCKzhhINakS,Lf2Axb9E6B4,2,hmis.rubirizi,2024-10-19T12:25:24.907+0000,,false
LwMHVYBkzx9,202407,gawevOwtGES,EVJwOnx0wy9,Lf2Axb9E6B4,13,hmis.rubirizi,2024-10-19T12:27:07.741+0000,,false
ors2q2LHiMG,202407,gawevOwtGES,bmT820wlIV5,Lf2Axb9E6B4,40,hmis.rubirizi,2024-10-19T12:27:54.771+0000,,false
uj3GNOPOI2G,202407,gawevOwtGES,RfTJCME2ekr,Lf2Axb9E6B4,1,hmis.rubirizi,2024-10-19T12:33:07.812+0000,,false
LwMHVYBkzx9,202407,gawevOwtGES,bdbxoGD7oAY,Lf2Axb9E6B4,20,hmis.rubirizi,2024-10-19T12:27:08.500+0000,,false
FNT0AWnEok7,202407,gawevOwtGES,HllvX50cXC0,Lf2Axb9E6B4,34,hmis.rubirizi,2024-10-19T12:38:12.163+0000,,false
pWIj3E7teST,202407,gawevOwtGES,HllvX50cXC0,Lf2Axb9E6B4,1,hmis.rubirizi,2024-10-19T12:40:08.044+0000,,false
YUMYaALzPui,202407,gawevOwtGES,H5MiomGgbbi,Lf2Axb9E6B4,52,hmis.rubirizi,2024-10-19T12:27:53.104+0000,,false
Tm7KefYxbWj,202407,gawevOwtGES,dCKzhhINakS,Lf2Axb9E6B4,20,hmis.rubirizi,2024-10-19T12:26:55.590+0000,,false
LwMHVYBkzx9,202407,gawevOwtGES,n5YvcIzcYaF,Lf2Axb9E6B4,23,hmis.rubirizi,2024-10-19T12:27:13.821+0000,,false
bkCFVYMFMed,202407,gawevOwtGES,nAjAOWdxMh8,Lf2Axb9E6B4,2,hmis.rubirizi,2024-10-19T12:29:42.175+0000,,false
K9hRDR2ytjL,202407,gawevOwtGES,DCGcx1tSElE,Lf2Axb9E6B4,2,hmis.rubirizi,2024-10-19T12:32:12.901+0000,,false
noIZByyFm0i,202407,gawevOwtGES,DCGcx1tSElE,Lf2Axb9E6B4,2,hmis.rubirizi,2024-10-19T12:32:24.740+0000,,false
lz5KzKAbFbX,202407,gawevOwtGES,HllvX50cXC0,Lf2Axb9E6B4,16,hmis.rubirizi,2024-10-19T12:36:24.143+0000,,false
oCtCwUE7utd,202407,gawevOwtGES,HllvX50cXC0,Lf2Axb9E6B4,200,hmis.rubirizi,2024-10-19T12:36:54.331+0000,,false
LwMHVYBkzx9,202407,gawevOwtGES,MJzZmZ3OMxI,Lf2Axb9E6B4,17,hmis.rubirizi,2024-10-19T12:27:12.720+0000,,false
LwMHVYBkzx9,202407,gawevOwtGES,UShugsidUxz,Lf2Axb9E6B4,10,hmis.rubirizi,2024-10-19T12:27:14.769+0000,,false
LwMHVYBkzx9,202407,gawevOwtGES,SPvm3s5w8ZJ,Lf2Axb9E6B4,24,hmis.rubirizi,2024-10-19T12:27:15.842+0000,,false
LwMHVYBkzx9,202407,gawevOwtGES,EJn0qutf2Uh,Lf2Axb9E6B4,118,hmis.rubirizi,2024-10-19T12:27:32.121+0000,,false
DqwDo93s94G,202407,gawevOwtGES,OhmzAkCmkjU,Lf2Axb9E6B4,5,hmis.rubirizi,2024-10-19T12:27:46.126+0000,,false
b2mZpqmL8VB,202407,gawevOwtGES,SUCYKqhN0Jk,Lf2Axb9E6B4,2,hmis.rubirizi,2024-10-19T12:30:07.722+0000,,false
qSe7OiDB18A,202407,gawevOwtGES,YpZHGtTSv2K,Lf2Axb9E6B4,1,hmis.rubirizi,2024-10-19T12:31:07.182+0000,,false
nrw9Tz8fbH4,202407,gawevOwtGES,HllvX50cXC0,Lf2Axb9E6B4,1,hmis.rubirizi,2024-10-19T12:32:04.910+0000,,false
K9hRDR2ytjL,202407,gawevOwtGES,RfTJCME2ekr,Lf2Axb9E6B4,1,hmis.rubirizi,2024-10-19T12:32:09.836+0000,,false
vekyej0FHoz,202407,gawevOwtGES,SUCYKqhN0Jk,Lf2Axb9E6B4,200,hmis.rubirizi,2024-10-19T12:29:57.743+0000,,false
OOsYcFK5YbS,202407,gawevOwtGES,HllvX50cXC0,Lf2Axb9E6B4,173,hmis.rubirizi,2024-10-19T12:41:50.364+0000,,false
DqwDo93s94G,202407,gawevOwtGES,oIxEDq59GUL,Lf2Axb9E6B4,9,hmis.rubirizi,2024-10-19T12:27:47.121+0000,,false
aYLRo9MS3zb,202407,gawevOwtGES,HllvX50cXC0,Lf2Axb9E6B4,300,hmis.rubirizi,2024-10-19T12:35:28.293+0000,,false
ors2q2LHiMG,202407,gawevOwtGES,I28asEo67Mt,Lf2Axb9E6B4,2,hmis.rubirizi,2024-10-19T12:28:02.049+0000,,false
YUMYaALzPui,202407,gawevOwtGES,SM9d5ybWcr0,Lf2Axb9E6B4,10,hmis.rubirizi,2024-10-19T12:27:48.116+0000,,false
ors2q2LHiMG,202407,gawevOwtGES,WalQ4zu7RLz,Lf2Axb9E6B4,21,hmis.rubirizi,2024-10-19T12:27:49.540+0000,,false
wPHNUK3jrFJ,202407,gawevOwtGES,RfTJCME2ekr,Lf2Axb9E6B4,1,hmis.rubirizi,2024-10-19T12:32:32.162+0000,,false
wE9AHBOIFCE,202407,gawevOwtGES,HllvX50cXC0,Lf2Axb9E6B4,45,hmis.rubirizi,2024-10-19T12:37:29.972+0000,,false
RIBMopGoWHl,202407,gawevOwtGES,HllvX50cXC0,Lf2Axb9E6B4,6300,hmis.rubirizi,2024-10-19T12:34:30.669+0000,,false
z75W19sQozD,202407,gawevOwtGES,HllvX50cXC0,Lf2Axb9E6B4,21000,hmis.rubirizi,2024-10-19T12:35:29.940+0000,,false
eu5hj9Xa9vP,202407,gawevOwtGES,HllvX50cXC0,Lf2Axb9E6B4,100,hmis.rubirizi,2024-10-19T12:36:14.615+0000,,false
xfyEsSF1Yeh,202407,gawevOwtGES,HllvX50cXC0,Lf2Axb9E6B4,300,hmis.rubirizi,2024-10-19T12:38:08.851+0000,,false
iwAfFcLYoWM,202407,gawevOwtGES,HllvX50cXC0,Lf2Axb9E6B4,2,hmis.rubirizi,2024-10-19T12:40:07.763+0000,,false
uPOqGjcb0WR,202407,gawevOwtGES,HllvX50cXC0,Lf2Axb9E6B4,1,hmis.rubirizi,2024-10-19T12:40:12.210+0000,,false
SttnQWaT8fW,202407,gawevOwtGES,HllvX50cXC0,Lf2Axb9E6B4,300,hmis.rubirizi,2024-10-19T12:36:20.139+0000,,false
F38NBUN9Srm,202407,gawevOwtGES,HllvX50cXC0,Lf2Axb9E6B4,66,hmis.rubirizi,2024-10-19T12:36:46.981+0000,,false
HhhkiZDx1vo,202407,gawevOwtGES,HllvX50cXC0,Lf2Axb9E6B4,475,hmis.rubirizi,2024-10-19T12:36:56.730+0000,,false
h5nYtk0kLWs,202407,gawevOwtGES,HllvX50cXC0,Lf2Axb9E6B4,805,hmis.rubirizi,2024-10-19T12:37:35.531+0000,,false
I8g7GERvAjt,202407,gawevOwtGES,HllvX50cXC0,Lf2Axb9E6B4,20,hmis.rubirizi,2024-10-19T12:37:39.198+0000,,false
sFLr3TIyeT3,202407,gawevOwtGES,HllvX50cXC0,Lf2Axb9E6B4,150,hmis.rubirizi,2024-10-19T12:37:54.862+0000,,false
bGyl6T5klnC,202407,gawevOwtGES,HllvX50cXC0,Lf2Axb9E6B4,2,hmis.rubirizi,2024-10-19T12:40:13.883+0000,,false
klbaYAoSygw,202407,gawevOwtGES,HllvX50cXC0,Lf2Axb9E6B4,100,hmis.rubirizi,2024-10-19T12:38:33.887+0000,,false
aglyT588XSJ,202407,gawevOwtGES,HllvX50cXC0,Lf2Axb9E6B4,1,hmis.rubirizi,2024-10-19T12:40:14.756+0000,,false
xq7foClqyZ9,202407,gawevOwtGES,HllvX50cXC0,Lf2Axb9E6B4,2,hmis.rubirizi,2024-10-19T12:40:20.205+0000,,false
O3hT4aIhzLi,202407,gawevOwtGES,HllvX50cXC0,Lf2Axb9E6B4,70,hmis.rubirizi,2024-10-19T12:38:28.374+0000,,false
msmJxt9LGqX,202407,gawevOwtGES,HllvX50cXC0,Lf2Axb9E6B4,1600,hmis.rubirizi,2024-10-19T12:39:00.212+0000,,false
H2HegEiSjBe,202407,gawevOwtGES,HllvX50cXC0,Lf2Axb9E6B4,4,hmis.rubirizi,2024-10-19T12:40:16.095+0000,,false
JfOGWtiSj1J,202407,gawevOwtGES,HllvX50cXC0,Lf2Axb9E6B4,200,hmis.rubirizi,2024-10-19T12:41:31.958+0000,,false
lLCw5i5eoQn,202407,gawevOwtGES,HllvX50cXC0,Lf2Axb9E6B4,6,hmis.rubirizi,2024-10-19T12:41:52.238+0000,,false
SxFU9oxVzDk,202407,gawevOwtGES,HllvX50cXC0,Lf2Axb9E6B4,1,hmis.rubirizi,2024-10-19T12:42:32.996+0000,,false
D9A0afrTYPw,202412,gawevOwtGES,huBy3W5qiD2,Lf2Axb9E6B4,12,hmis.rugazihciv,2025-01-15T10:07:24.854+0000,,false
sv6SeKroHPV,202412,gawevOwtGES,F1rms8f9I9a,Lf2Axb9E6B4,10,hmis.rugazihciv,2025-01-15T09:51:50.391+0000,,false
sv6SeKroHPV,202412,gawevOwtGES,V2OuNTRI6ua,Lf2Axb9E6B4,21,hmis.rugazihciv,2025-01-15T09:51:45.190+0000,,false
sv6SeKroHPV,202412,gawevOwtGES,huBy3W5qiD2,Lf2Axb9E6B4,19,hmis.rugazihciv,2025-01-15T09:51:46.278+0000,,false
sv6SeKroHPV,202412,gawevOwtGES,c7gvocRdg0f,Lf2Axb9E6B4,17,hmis.rugazihciv,2025-01-15T09:52:32.143+0000,,false
sv6SeKroHPV,202412,gawevOwtGES,u3CkZqMHfHP,Lf2Axb9E6B4,45,hmis.rugazihciv,2025-01-15T09:52:39.067+0000,,false
sv6SeKroHPV,202412,gawevOwtGES,Crc5reUlspd,Lf2Axb9E6B4,14,hmis.rugazihciv,2025-01-15T09:52:28.755+0000,,false
sv6SeKroHPV,202412,gawevOwtGES,XVHTeecEOM3,Lf2Axb9E6B4,128,hmis.rugazihciv,2025-01-15T09:52:58.901+0000,,false
sv6SeKroHPV,202412,gawevOwtGES,dCKzhhINakS,Lf2Axb9E6B4,164,hmis.rugazihciv,2025-01-15T09:52:43.704+0000,,false
JhvC7ZR9hUe,202412,gawevOwtGES,F1rms8f9I9a,Lf2Axb9E6B4,8,hmis.rugazihciv,2025-01-15T10:06:27.137+0000,,false
vC9pW0FEvd2,202412,gawevOwtGES,dCKzhhINakS,Lf2Axb9E6B4,4,hmis.rugazihciv,2025-01-15T09:54:09.245+0000,,false
JhvC7ZR9hUe,202412,gawevOwtGES,u3CkZqMHfHP,Lf2Axb9E6B4,30,hmis.rugazihciv,2025-01-15T10:06:47.472+0000,,false
JhvC7ZR9hUe,202412,gawevOwtGES,dCKzhhINakS,Lf2Axb9E6B4,39,hmis.rugazihciv,2025-01-15T10:06:51.755+0000,,false
JhvC7ZR9hUe,202412,gawevOwtGES,c7gvocRdg0f,Lf2Axb9E6B4,17,hmis.rugazihciv,2025-01-17T11:51:18.004+0000,,false
D9A0afrTYPw,202412,gawevOwtGES,V2OuNTRI6ua,Lf2Axb9E6B4,6,hmis.rugazihciv,2025-01-15T10:07:08.199+0000,,false
JhvC7ZR9hUe,202412,gawevOwtGES,huBy3W5qiD2,Lf2Axb9E6B4,12,hmis.rugazihciv,2025-01-15T10:06:24.164+0000,,false
JhvC7ZR9hUe,202412,gawevOwtGES,XVHTeecEOM3,Lf2Axb9E6B4,60,hmis.rugazihciv,2025-01-15T10:07:01.412+0000,,false
JhvC7ZR9hUe,202412,gawevOwtGES,V2OuNTRI6ua,Lf2Axb9E6B4,6,hmis.rugazihciv,2025-01-15T10:06:21.416+0000,,false
D9A0afrTYPw,202412,gawevOwtGES,F1rms8f9I9a,Lf2Axb9E6B4,8,hmis.rugazihciv,2025-01-15T10:07:28.619+0000,,false
D9A0afrTYPw,202412,gawevOwtGES,Crc5reUlspd,Lf2Axb9E6B4,14,hmis.rugazihciv,2025-01-15T10:07:33.059+0000,,false
wUDxFVBapIc,202412,gawevOwtGES,F1rms8f9I9a,Lf2Axb9E6B4,8,hmis.rugazihciv,2025-01-15T10:08:09.282+0000,,false
wUDxFVBapIc,202412,gawevOwtGES,c7gvocRdg0f,Lf2Axb9E6B4,17,hmis.rugazihciv,2025-01-17T11:51:49.608+0000,,false
D9A0afrTYPw,202412,gawevOwtGES,u3CkZqMHfHP,Lf2Axb9E6B4,20,hmis.rugazihciv,2025-01-15T10:07:43.230+0000,,false
wUDxFVBapIc,202412,gawevOwtGES,Crc5reUlspd,Lf2Axb9E6B4,14,hmis.rugazihciv,2025-01-15T10:08:13.952+0000,,false
D9A0afrTYPw,202412,gawevOwtGES,dCKzhhINakS,Lf2Axb9E6B4,39,hmis.rugazihciv,2025-01-15T10:07:46.925+0000,,false
D9A0afrTYPw,202412,gawevOwtGES,XVHTeecEOM3,Lf2Axb9E6B4,50,hmis.rugazihciv,2025-01-15T10:07:56.851+0000,,false
wUDxFVBapIc,202412,gawevOwtGES,V2OuNTRI6ua,Lf2Axb9E6B4,6,hmis.rugazihciv,2025-01-15T10:08:02.208+0000,,false
wUDxFVBapIc,202412,gawevOwtGES,huBy3W5qiD2,Lf2Axb9E6B4,12,hmis.rugazihciv,2025-01-15T10:08:05.125+0000,,false
wUDxFVBapIc,202412,gawevOwtGES,u3CkZqMHfHP,Lf2Axb9E6B4,20,hmis.rugazihciv,2025-01-15T10:08:22.827+0000,,false
wUDxFVBapIc,202412,gawevOwtGES,dCKzhhINakS,Lf2Axb9E6B4,39,hmis.rugazihciv,2025-01-15T10:08:28.623+0000,,false
wUDxFVBapIc,202412,gawevOwtGES,XVHTeecEOM3,Lf2Axb9E6B4,50,hmis.rugazihciv,2025-01-15T10:10:18.276+0000,,false
LiSyn6bblsc,202412,gawevOwtGES,V2OuNTRI6ua,Lf2Axb9E6B4,1,hmis.rugazihciv,2025-01-15T10:10:44.969+0000,,false
LiSyn6bblsc,202412,gawevOwtGES,huBy3W5qiD2,Lf2Axb9E6B4,2,hmis.rugazihciv,2025-01-15T10:10:48.407+0000,,false
LiSyn6bblsc,202412,gawevOwtGES,Crc5reUlspd,Lf2Axb9E6B4,1,hmis.rugazihciv,2025-01-15T10:10:59.108+0000,,false
Kz1EDWfsQvI,202412,gawevOwtGES,dCKzhhINakS,Lf2Axb9E6B4,4,hmis.rugazihciv,2025-01-15T10:11:04.399+0000,,false
MIzh6JUSxX9,202412,gawevOwtGES,dCKzhhINakS,Lf2Axb9E6B4,1,hmis.rugazihciv,2025-01-15T10:11:46.203+0000,,false
FPXwKGEV96K,202412,gawevOwtGES,u3CkZqMHfHP,Lf2Axb9E6B4,3,hmis.rugazihciv,2025-01-15T10:16:25.941+0000,,false
WIJ0fbjLIJh,202412,gawevOwtGES,u3CkZqMHfHP,Lf2Axb9E6B4,1,hmis.rugazihciv,2025-01-15T10:16:15.627+0000,,false
WIJ0fbjLIJh,202412,gawevOwtGES,XVHTeecEOM3,Lf2Axb9E6B4,28,hmis.rugazihciv,2025-01-15T10:16:24.123+0000,,false
KaqDbaq0Yce,202412,gawevOwtGES,XVHTeecEOM3,Lf2Axb9E6B4,28,hmis.rugazihciv,2025-01-15T10:16:14.320+0000,,false
FPXwKGEV96K,202412,gawevOwtGES,dCKzhhINakS,Lf2Axb9E6B4,2,hmis.rugazihciv,2025-01-15T10:16:28.152+0000,,false
WIJ0fbjLIJh,202412,gawevOwtGES,dCKzhhINakS,Lf2Axb9E6B4,10,hmis.rugazihciv,2025-01-15T10:16:18.523+0000,,false
ywfVj7F30Ts,202412,gawevOwtGES,V2OuNTRI6ua,Lf2Axb9E6B4,8,hmis.rugazihciv,2025-01-15T10:27:54.057+0000,,false
ywfVj7F30Ts,202412,gawevOwtGES,XVHTeecEOM3,Lf2Axb9E6B4,16,hmis.rugazihciv,2025-01-15T10:29:22.987+0000,,false
LR8778hLH8U,202412,gawevOwtGES,zh2zAaHyYQx,Lf2Axb9E6B4,1,hmis.rugazihciv,2025-01-15T10:27:11.156+0000,,false
FPXwKGEV96K,202412,gawevOwtGES,XVHTeecEOM3,Lf2Axb9E6B4,2,hmis.rugazihciv,2025-01-15T10:27:05.463+0000,,false
LR8778hLH8U,202412,gawevOwtGES,wDiX34aiw6i,Lf2Axb9E6B4,1,hmis.rugazihciv,2025-01-15T10:27:13.756+0000,,false
LR8778hLH8U,202412,gawevOwtGES,V2OuNTRI6ua,Lf2Axb9E6B4,1,hmis.rugazihciv,2025-01-15T10:27:15.921+0000,,false
ywfVj7F30Ts,202412,gawevOwtGES,F1rms8f9I9a,Lf2Axb9E6B4,2,hmis.rugazihciv,2025-01-15T10:28:01.037+0000,,false
LR8778hLH8U,202412,gawevOwtGES,dCKzhhINakS,Lf2Axb9E6B4,4,hmis.rugazihciv,2025-01-15T10:27:35.647+0000,,false
ywfVj7F30Ts,202412,gawevOwtGES,huBy3W5qiD2,Lf2Axb9E6B4,4,hmis.rugazihciv,2025-01-15T10:27:58.344+0000,,false
LR8778hLH8U,202412,gawevOwtGES,XVHTeecEOM3,Lf2Axb9E6B4,2,hmis.rugazihciv,2025-01-15T10:27:51.435+0000,,false
ywfVj7F30Ts,202412,gawevOwtGES,Crc5reUlspd,Lf2Axb9E6B4,2,hmis.rugazihciv,2025-01-15T10:28:08.585+0000,,false
ywfVj7F30Ts,202412,gawevOwtGES,c7gvocRdg0f,Lf2Axb9E6B4,5,hmis.rugazihciv,2025-01-15T10:28:34.885+0000,,false
ywfVj7F30Ts,202412,gawevOwtGES,u3CkZqMHfHP,Lf2Axb9E6B4,4,hmis.rugazihciv,2025-01-15T10:28:36.224+0000,,false
ywfVj7F30Ts,202412,gawevOwtGES,dCKzhhINakS,Lf2Axb9E6B4,20,hmis.rugazihciv,2025-01-15T10:28:52.319+0000,,false
y6ofkvr4JP8,202412,gawevOwtGES,XVHTeecEOM3,Lf2Axb9E6B4,2,hmis.rugazihciv,2025-01-15T10:29:26.007+0000,,false
y6ofkvr4JP8,202412,gawevOwtGES,dCKzhhINakS,Lf2Axb9E6B4,1,hmis.rugazihciv,2025-01-15T10:29:40.575+0000,,false
gN26QajXn26,202412,gawevOwtGES,XVHTeecEOM3,Lf2Axb9E6B4,4,hmis.rugazihciv,2025-01-15T10:30:23.903+0000,,false
SPADxEItrIQ,202412,gawevOwtGES,dCKzhhINakS,Lf2Axb9E6B4,1,hmis.rugazihciv,2025-01-15T10:31:14.010+0000,,false
SPADxEItrIQ,202412,gawevOwtGES,XVHTeecEOM3,Lf2Axb9E6B4,1,hmis.rugazihciv,2025-01-15T10:31:15.409+0000,,false
kY9yLRb9w5e,202412,gawevOwtGES,F1rms8f9I9a,Lf2Axb9E6B4,1,hmis.rugazihciv,2025-01-15T10:34:19.823+0000,,false
sv6SeKroHPV,202410,gawevOwtGES,V2OuNTRI6ua,Lf2Axb9E6B4,21,hmis.rugazihciv,2024-11-14T01:12:02.723+0000,,false
sv6SeKroHPV,202410,gawevOwtGES,huBy3W5qiD2,Lf2Axb9E6B4,19,hmis.rugazihciv,2024-11-14T01:12:03.484+0000,,false
sv6SeKroHPV,202410,gawevOwtGES,F1rms8f9I9a,Lf2Axb9E6B4,10,hmis.rugazihciv,2024-11-14T01:12:05.491+0000,,false
sv6SeKroHPV,202410,gawevOwtGES,Crc5reUlspd,Lf2Axb9E6B4,14,hmis.rugazihciv,2024-11-14T01:12:06.247+0000,,false
sv6SeKroHPV,202410,gawevOwtGES,c7gvocRdg0f,Lf2Axb9E6B4,17,hmis.rugazihciv,2024-11-14T01:12:16.880+0000,,false
sv6SeKroHPV,202410,gawevOwtGES,u3CkZqMHfHP,Lf2Axb9E6B4,45,hmis.rugazihciv,2024-11-14T01:12:18.192+0000,,false
sv6SeKroHPV,202410,gawevOwtGES,dCKzhhINakS,Lf2Axb9E6B4,164,hmis.rugazihciv,2024-11-14T01:12:28.322+0000,,false
vC9pW0FEvd2,202410,gawevOwtGES,dCKzhhINakS,Lf2Axb9E6B4,4,hmis.rugazihciv,2024-11-14T01:12:45.655+0000,,false
aU0n2RXwQJC,202410,gawevOwtGES,dCKzhhINakS,Lf2Axb9E6B4,4,hmis.rugazihciv,2024-11-14T01:12:49.409+0000,,false
JhvC7ZR9hUe,202410,gawevOwtGES,XVHTeecEOM3,Lf2Axb9E6B4,60,hmis.rugazihciv,2024-11-14T01:15:27.561+0000,,false
D9A0afrTYPw,202410,gawevOwtGES,V2OuNTRI6ua,Lf2Axb9E6B4,6,hmis.rugazihciv,2024-11-14T01:15:31.043+0000,,false
D9A0afrTYPw,202410,gawevOwtGES,u3CkZqMHfHP,Lf2Axb9E6B4,20,hmis.rugazihciv,2024-11-14T01:15:39.919+0000,,false
D9A0afrTYPw,202410,gawevOwtGES,XVHTeecEOM3,Lf2Axb9E6B4,50,hmis.rugazihciv,2024-11-14T01:15:43.333+0000,,false
wUDxFVBapIc,202410,gawevOwtGES,Crc5reUlspd,Lf2Axb9E6B4,14,hmis.rugazihciv,2024-11-14T01:17:15.377+0000,,false
wUDxFVBapIc,202410,gawevOwtGES,XVHTeecEOM3,Lf2Axb9E6B4,50,hmis.rugazihciv,2024-11-14T01:17:23.104+0000,,false
QHnwKs2OUZv,202410,gawevOwtGES,dCKzhhINakS,Lf2Axb9E6B4,39,hmis.rugazihciv,2024-11-14T01:17:33.367+0000,,false
QHnwKs2OUZv,202410,gawevOwtGES,XVHTeecEOM3,Lf2Axb9E6B4,50,hmis.rugazihciv,2024-11-14T01:17:34.908+0000,,false
LiSyn6bblsc,202410,gawevOwtGES,huBy3W5qiD2,Lf2Axb9E6B4,2,hmis.rugazihciv,2024-11-14T01:18:25.369+0000,,false
LiSyn6bblsc,202410,gawevOwtGES,Crc5reUlspd,Lf2Axb9E6B4,1,hmis.rugazihciv,2024-11-14T01:18:27.036+0000,,false
KaqDbaq0Yce,202410,gawevOwtGES,XVHTeecEOM3,Lf2Axb9E6B4,28,hmis.rugazihciv,2024-11-14T01:20:18.739+0000,,false
WIJ0fbjLIJh,202410,gawevOwtGES,dCKzhhINakS,Lf2Axb9E6B4,10,hmis.rugazihciv,2024-11-14T01:20:27.170+0000,,false
JhvC7ZR9hUe,202410,gawevOwtGES,Crc5reUlspd,Lf2Axb9E6B4,14,hmis.rugazihciv,2025-01-15T11:40:19.079+0000,,false
D9A0afrTYPw,202410,gawevOwtGES,c7gvocRdg0f,Lf2Axb9E6B4,17,hmis.rugazihciv,2025-01-15T11:40:50.667+0000,,false
wUDxFVBapIc,202410,gawevOwtGES,c7gvocRdg0f,Lf2Axb9E6B4,17,hmis.rugazihciv,2025-01-15T11:40:55.154+0000,,false
sv6SeKroHPV,202410,gawevOwtGES,XVHTeecEOM3,Lf2Axb9E6B4,128,hmis.rugazihciv,2024-11-14T01:12:30.046+0000,,false
JhvC7ZR9hUe,202410,gawevOwtGES,V2OuNTRI6ua,Lf2Axb9E6B4,6,hmis.rugazihciv,2024-11-14T01:15:15.968+0000,,false
JhvC7ZR9hUe,202410,gawevOwtGES,huBy3W5qiD2,Lf2Axb9E6B4,12,hmis.rugazihciv,2024-11-14T01:15:16.649+0000,,false
JhvC7ZR9hUe,202410,gawevOwtGES,F1rms8f9I9a,Lf2Axb9E6B4,8,hmis.rugazihciv,2024-11-14T01:15:19.539+0000,,false
JhvC7ZR9hUe,202410,gawevOwtGES,dCKzhhINakS,Lf2Axb9E6B4,39,hmis.rugazihciv,2024-11-14T01:15:26.070+0000,,false
D9A0afrTYPw,202410,gawevOwtGES,huBy3W5qiD2,Lf2Axb9E6B4,12,hmis.rugazihciv,2024-11-14T01:15:31.788+0000,,false
D9A0afrTYPw,202410,gawevOwtGES,Crc5reUlspd,Lf2Axb9E6B4,14,hmis.rugazihciv,2024-11-14T01:15:34.579+0000,,false
D9A0afrTYPw,202410,gawevOwtGES,dCKzhhINakS,Lf2Axb9E6B4,39,hmis.rugazihciv,2024-11-14T01:15:41.647+0000,,false
wUDxFVBapIc,202410,gawevOwtGES,V2OuNTRI6ua,Lf2Axb9E6B4,6,hmis.rugazihciv,2024-11-14T01:17:09.915+0000,,false
wUDxFVBapIc,202410,gawevOwtGES,u3CkZqMHfHP,Lf2Axb9E6B4,20,hmis.rugazihciv,2024-11-14T01:17:20.111+0000,,false
QHnwKs2OUZv,202410,gawevOwtGES,F1rms8f9I9a,Lf2Axb9E6B4,8,hmis.rugazihciv,2024-11-14T01:17:28.291+0000,,false
QHnwKs2OUZv,202410,gawevOwtGES,u3CkZqMHfHP,Lf2Axb9E6B4,20,hmis.rugazihciv,2024-11-14T01:17:32.195+0000,,false
LiSyn6bblsc,202410,gawevOwtGES,V2OuNTRI6ua,Lf2Axb9E6B4,1,hmis.rugazihciv,2024-11-14T01:18:24.935+0000,,false
WIJ0fbjLIJh,202410,gawevOwtGES,u3CkZqMHfHP,Lf2Axb9E6B4,1,hmis.rugazihciv,2024-11-14T01:20:26.292+0000,,false
QHnwKs2OUZv,202410,gawevOwtGES,c7gvocRdg0f,Lf2Axb9E6B4,17,hmis.rugazihciv,2025-01-15T11:41:13.834+0000,,false
uqferbMcOHI,202410,gawevOwtGES,XVHTeecEOM3,Lf2Axb9E6B4,1,hmis.rugazihciv,2024-11-14T01:24:55.479+0000,,false
x2N6fqqX0eL,202410,gawevOwtGES,u3CkZqMHfHP,Lf2Axb9E6B4,1,hmis.rugazihciv,2024-11-14T01:26:30.457+0000,,false
U1BNNFWrGfC,202410,gawevOwtGES,u3CkZqMHfHP,Lf2Axb9E6B4,1,hmis.rugazihciv,2024-11-14T01:26:55.823+0000,,false
m7gI5QcfjBy,202410,gawevOwtGES,c7gvocRdg0f,Lf2Axb9E6B4,1,hmis.rugazihciv,2024-11-14T01:28:22.128+0000,,false
QHnwKs2OUZv,202410,gawevOwtGES,V2OuNTRI6ua,Lf2Axb9E6B4,6,hmis.rugazihciv,2025-01-15T11:46:29.396+0000,,false
JhvC7ZR9hUe,202410,gawevOwtGES,u3CkZqMHfHP,Lf2Axb9E6B4,30,hmis.rugazihciv,2024-11-14T01:15:24.047+0000,,false
D9A0afrTYPw,202410,gawevOwtGES,F1rms8f9I9a,Lf2Axb9E6B4,8,hmis.rugazihciv,2024-11-14T01:15:33.798+0000,,false
wUDxFVBapIc,202410,gawevOwtGES,huBy3W5qiD2,Lf2Axb9E6B4,12,hmis.rugazihciv,2024-11-14T01:17:11.225+0000,,false
wUDxFVBapIc,202410,gawevOwtGES,F1rms8f9I9a,Lf2Axb9E6B4,8,hmis.rugazihciv,2024-11-14T01:17:13.193+0000,,false
wUDxFVBapIc,202410,gawevOwtGES,dCKzhhINakS,Lf2Axb9E6B4,39,hmis.rugazihciv,2024-11-14T01:17:21.154+0000,,false
QHnwKs2OUZv,202410,gawevOwtGES,huBy3W5qiD2,Lf2Axb9E6B4,12,hmis.rugazihciv,2024-11-14T01:17:27.257+0000,,false
QHnwKs2OUZv,202410,gawevOwtGES,Crc5reUlspd,Lf2Axb9E6B4,14,hmis.rugazihciv,2024-11-14T01:17:29.573+0000,,false
Kz1EDWfsQvI,202410,gawevOwtGES,dCKzhhINakS,Lf2Axb9E6B4,4,hmis.rugazihciv,2024-11-14T01:18:38.566+0000,,false
MIzh6JUSxX9,202410,gawevOwtGES,dCKzhhINakS,Lf2Axb9E6B4,1,hmis.rugazihciv,2024-11-14T01:18:45.559+0000,,false
WIJ0fbjLIJh,202410,gawevOwtGES,XVHTeecEOM3,Lf2Axb9E6B4,28,hmis.rugazihciv,2024-11-14T01:20:28.598+0000,,false
FPXwKGEV96K,202410,gawevOwtGES,Crc5reUlspd,Lf2Axb9E6B4,1,hmis.rugazihciv,2024-11-14T01:20:47.087+0000,,false
FPXwKGEV96K,202410,gawevOwtGES,u3CkZqMHfHP,Lf2Axb9E6B4,3,hmis.rugazihciv,2024-11-14T01:20:47.935+0000,,false
FPXwKGEV96K,202410,gawevOwtGES,dCKzhhINakS,Lf2Axb9E6B4,2,hmis.rugazihciv,2024-11-14T01:20:49.516+0000,,false
FPXwKGEV96K,202410,gawevOwtGES,XVHTeecEOM3,Lf2Axb9E6B4,2,hmis.rugazihciv,2024-11-14T01:20:50.060+0000,,false
LR8778hLH8U,202410,gawevOwtGES,V2OuNTRI6ua,Lf2Axb9E6B4,1,hmis.rugazihciv,2024-11-14T01:21:18.989+0000,,false
LR8778hLH8U,202410,gawevOwtGES,dCKzhhINakS,Lf2Axb9E6B4,4,hmis.rugazihciv,2024-11-14T01:21:33.975+0000,,false
LR8778hLH8U,202410,gawevOwtGES,XVHTeecEOM3,Lf2Axb9E6B4,2,hmis.rugazihciv,2024-11-14T01:21:34.584+0000,,false
JhvC7ZR9hUe,202410,gawevOwtGES,c7gvocRdg0f,Lf2Axb9E6B4,17,hmis.rugazihciv,2025-01-15T11:40:46.552+0000,,false
ywfVj7F30Ts,202410,gawevOwtGES,V2OuNTRI6ua,Lf2Axb9E6B4,8,hmis.rugazihciv,2024-11-14T01:22:04.026+0000,,false
ywfVj7F30Ts,202410,gawevOwtGES,huBy3W5qiD2,Lf2Axb9E6B4,4,hmis.rugazihciv,2024-11-14T01:22:04.797+0000,,false
ywfVj7F30Ts,202410,gawevOwtGES,F1rms8f9I9a,Lf2Axb9E6B4,2,hmis.rugazihciv,2024-11-14T01:22:06.187+0000,,false
ywfVj7F30Ts,202410,gawevOwtGES,Crc5reUlspd,Lf2Axb9E6B4,2,hmis.rugazihciv,2024-11-14T01:22:06.856+0000,,false
ywfVj7F30Ts,202410,gawevOwtGES,c7gvocRdg0f,Lf2Axb9E6B4,5,hmis.rugazihciv,2024-11-14T01:22:08.869+0000,,false
ywfVj7F30Ts,202410,gawevOwtGES,u3CkZqMHfHP,Lf2Axb9E6B4,4,hmis.rugazihciv,2024-11-14T01:22:09.642+0000,,false
ywfVj7F30Ts,202410,gawevOwtGES,dCKzhhINakS,Lf2Axb9E6B4,20,hmis.rugazihciv,2024-11-14T01:22:11.233+0000,,false
ywfVj7F30Ts,202410,gawevOwtGES,XVHTeecEOM3,Lf2Axb9E6B4,16,hmis.rugazihciv,2024-11-14T01:22:15.321+0000,,false
LR8778hLH8U,202410,gawevOwtGES,zh2zAaHyYQx,Lf2Axb9E6B4,1,hmis.rugazihciv,2024-11-14T01:22:40.564+0000,,false
LR8778hLH8U,202410,gawevOwtGES,wDiX34aiw6i,Lf2Axb9E6B4,1,hmis.rugazihciv,2024-11-14T01:22:41.049+0000,,false
y6ofkvr4JP8,202410,gawevOwtGES,V2OuNTRI6ua,Lf2Axb9E6B4,1,hmis.rugazihciv,2024-11-14T01:22:52.081+0000,,false
y6ofkvr4JP8,202410,gawevOwtGES,dCKzhhINakS,Lf2Axb9E6B4,1,hmis.rugazihciv,2024-11-14T01:22:55.893+0000,,false
y6ofkvr4JP8,202410,gawevOwtGES,XVHTeecEOM3,Lf2Axb9E6B4,2,hmis.rugazihciv,2024-11-14T01:22:56.535+0000,,false
gN26QajXn26,202410,gawevOwtGES,XVHTeecEOM3,Lf2Axb9E6B4,4,hmis.rugazihciv,2024-11-14T01:23:02.850+0000,,false
Rw3b8mGkyfh,202410,gawevOwtGES,Crc5reUlspd,Lf2Axb9E6B4,1,hmis.rugazihciv,2024-11-14T01:23:33.607+0000,,false
SPADxEItrIQ,202410,gawevOwtGES,F1rms8f9I9a,Lf2Axb9E6B4,1,hmis.rugazihciv,2024-11-14T01:24:11.916+0000,,false
SPADxEItrIQ,202410,gawevOwtGES,dCKzhhINakS,Lf2Axb9E6B4,1,hmis.rugazihciv,2024-11-14T01:24:14.467+0000,,false
SPADxEItrIQ,202410,gawevOwtGES,XVHTeecEOM3,Lf2Axb9E6B4,1,hmis.rugazihciv,2024-11-14T01:24:15.088+0000,,false
PbWaDKchm2a,202410,gawevOwtGES,XVHTeecEOM3,Lf2Axb9E6B4,1,hmis.rugazihciv,2024-11-14T01:25:04.146+0000,,false
P2wDiYT9Ldr,202410,gawevOwtGES,dCKzhhINakS,Lf2Axb9E6B4,1,hmis.rugazihciv,2024-11-14T01:25:20.389+0000,,false
O7du4F9jOVw,202410,gawevOwtGES,c7gvocRdg0f,Lf2Axb9E6B4,1,hmis.rugazihciv,2024-11-14T01:27:54.237+0000,,false
O7du4F9jOVw,202410,gawevOwtGES,dCKzhhINakS,Lf2Axb9E6B4,2,hmis.rugazihciv,2024-11-14T01:27:56.403+0000,,false
wuPvBoMWGWK,202410,gawevOwtGES,dCKzhhINakS,Lf2Axb9E6B4,1,hmis.rugazihciv,2024-11-14T01:29:21.688+0000,,false
CGWRNOSVEsk,202410,gawevOwtGES,u3CkZqMHfHP,Lf2Axb9E6B4,1,hmis.rugazihciv,2024-11-14T01:30:13.757+0000,,false
a3dXGbUg8HC,202410,gawevOwtGES,zBEtAxHIaIx,Lf2Axb9E6B4,1,hmis.rugazihciv,2024-11-14T01:30:35.062+0000,,false
Rw3b8mGkyfh,202410,gawevOwtGES,dCKzhhINakS,Lf2Axb9E6B4,10,hmis.rugazihciv,2024-11-14T01:23:36.554+0000,,false
Rw3b8mGkyfh,202410,gawevOwtGES,XVHTeecEOM3,Lf2Axb9E6B4,24,hmis.rugazihciv,2024-11-14T01:23:37.428+0000,,false
P2wDiYT9Ldr,202410,gawevOwtGES,XVHTeecEOM3,Lf2Axb9E6B4,2,hmis.rugazihciv,2024-11-14T01:25:20.966+0000,,false
WeT4t43xsmT,202410,gawevOwtGES,u3CkZqMHfHP,Lf2Axb9E6B4,1,hmis.rugazihciv,2024-11-14T01:25:44.106+0000,,false
O7du4F9jOVw,202410,gawevOwtGES,XVHTeecEOM3,Lf2Axb9E6B4,1,hmis.rugazihciv,2024-11-14T01:27:56.920+0000,,false
LwMHVYBkzx9,202410,gawevOwtGES,zBEtAxHIaIx,Lf2Axb9E6B4,1,hmis.rugazihciv,2024-11-14T01:30:31.325+0000,,false
pDoc60OZDbH,202410,gawevOwtGES,HllvX50cXC0,Lf2Axb9E6B4,0,hmis.rugazihciv,2024-11-14T01:32:09.233+0000,,false
So21oM09xKL,202410,gawevOwtGES,HllvX50cXC0,Lf2Axb9E6B4,0,hmis.rugazihciv,2024-11-14T01:32:10.986+0000,,false
RvUzMtiTOnh,202410,gawevOwtGES,HllvX50cXC0,Lf2Axb9E6B4,0,hmis.rugazihciv,2024-11-14T01:32:11.601+0000,,false
tgtarB7Bvsx,202410,gawevOwtGES,HllvX50cXC0,Lf2Axb9E6B4,0,hmis.rugazihciv,2024-11-14T01:32:12.205+0000,,false
RUgRUwwMAlh,202410,gawevOwtGES,HllvX50cXC0,Lf2Axb9E6B4,0,hmis.rugazihciv,2024-11-14T01:32:12.635+0000,,false
Q6ne3khBitH,202410,gawevOwtGES,HllvX50cXC0,Lf2Axb9E6B4,0,hmis.rugazihciv,2024-11-14T01:32:09.702+0000,,false
Jdb1lBj4uoP,202410,gawevOwtGES,HllvX50cXC0,Lf2Axb9E6B4,0,hmis.rugazihciv,2024-11-14T01:32:10.582+0000,,false
wIp7Gr1lf7S,202410,gawevOwtGES,HllvX50cXC0,Lf2Axb9E6B4,0,hmis.rugazihciv,2024-11-14T01:32:14.151+0000,,false
YDbEU5bBWyJ,202410,gawevOwtGES,HllvX50cXC0,Lf2Axb9E6B4,0,hmis.rugazihciv,2024-11-14T01:32:17.708+0000,,false
QIy53MYZZHq,202410,gawevOwtGES,HllvX50cXC0,Lf2Axb9E6B4,0,hmis.rugazihciv,2024-11-14T01:32:17.920+0000,,false
tJrUDw21Xmb,202410,gawevOwtGES,HllvX50cXC0,Lf2Axb9E6B4,0,hmis.rugazihciv,2024-11-14T01:32:24.930+0000,,false
ydkgbCWZ0u9,202410,gawevOwtGES,HllvX50cXC0,Lf2Axb9E6B4,0,hmis.rugazihciv,2024-11-14T01:32:28.060+0000,,false
B9tp1MLDv2F,202410,gawevOwtGES,HllvX50cXC0,Lf2Axb9E6B4,0,hmis.rugazihciv,2024-11-14T01:32:30.117+0000,,false
AfULYK9Vpyc,202410,gawevOwtGES,HllvX50cXC0,Lf2Axb9E6B4,0,hmis.rugazihciv,2024-11-14T01:32:34.431+0000,,false
cPQww1wkUF5,202410,gawevOwtGES,HllvX50cXC0,Lf2Axb9E6B4,0,hmis.rugazihciv,2024-11-14T01:32:35.617+0000,,false
T0TejU8ASOy,202410,gawevOwtGES,HllvX50cXC0,Lf2Axb9E6B4,0,hmis.rugazihciv,2024-11-14T01:32:39.628+0000,,false
EEx8UTWSL9K,202410,gawevOwtGES,HllvX50cXC0,Lf2Axb9E6B4,0,hmis.rugazihciv,2024-11-14T01:32:41.315+0000,,false
FjDiDncMSYs,202410,gawevOwtGES,HllvX50cXC0,Lf2Axb9E6B4,0,hmis.rugazihciv,2024-11-14T01:32:45.056+0000,,false
qXdpOMhAsLE,202410,gawevOwtGES,HllvX50cXC0,Lf2Axb9E6B4,0,hmis.rugazihciv,2024-11-14T01:32:46.979+0000,,false
k4erSOlCCkS,202410,gawevOwtGES,HllvX50cXC0,Lf2Axb9E6B4,0,hmis.rugazihciv,2024-11-14T01:32:48.710+0000,,false
uhDyKR4nE95,202410,gawevOwtGES,HllvX50cXC0,Lf2Axb9E6B4,0,hmis.rugazihciv,2024-11-14T01:32:13.113+0000,,false
iQJkiLHfOyZ,202410,gawevOwtGES,HllvX50cXC0,Lf2Axb9E6B4,0,hmis.rugazihciv,2024-11-14T01:32:14.995+0000,,false
u0eqaAAypzu,202410,gawevOwtGES,HllvX50cXC0,Lf2Axb9E6B4,0,hmis.rugazihciv,2024-11-14T01:32:16.689+0000,,false
GgypgARVxzI,202410,gawevOwtGES,HllvX50cXC0,Lf2Axb9E6B4,0,hmis.rugazihciv,2024-11-14T01:32:17.500+0000,,false
y1JeU6PTNy7,202410,gawevOwtGES,HllvX50cXC0,Lf2Axb9E6B4,0,hmis.rugazihciv,2024-11-14T01:32:20.675+0000,,false
U103VVvl2Km,202410,gawevOwtGES,HllvX50cXC0,Lf2Axb9E6B4,0,hmis.rugazihciv,2024-11-14T01:32:22.126+0000,,false
ex3OpmyHlxP,202410,gawevOwtGES,HllvX50cXC0,Lf2Axb9E6B4,0,hmis.rugazihciv,2024-11-14T01:32:23.856+0000,,false
LkQrMVTYCPz,202410,gawevOwtGES,HllvX50cXC0,Lf2Axb9E6B4,0,hmis.rugazihciv,2024-11-14T01:32:25.392+0000,,false
ya5mexhLqPi,202410,gawevOwtGES,HllvX50cXC0,Lf2Axb9E6B4,0,hmis.rugazihciv,2024-11-14T01:32:42.295+0000,,false
G998reqcHxo,202410,gawevOwtGES,HllvX50cXC0,Lf2Axb9E6B4,0,hmis.rugazihciv,2024-11-14T01:32:48.226+0000,,false
Q0KPtGrBoQb,202410,gawevOwtGES,HllvX50cXC0,Lf2Axb9E6B4,0,hmis.rugazihciv,2024-11-14T01:32:49.740+0000,,false
RIBMopGoWHl,202410,gawevOwtGES,HllvX50cXC0,Lf2Axb9E6B4,330,hmis.rugazihciv,2024-11-14T01:33:07.096+0000,,false
eJjn1Av0vHI,202410,gawevOwtGES,HllvX50cXC0,Lf2Axb9E6B4,0,hmis.rugazihciv,2024-11-14T01:34:33.339+0000,,false
aYLRo9MS3zb,202410,gawevOwtGES,HllvX50cXC0,Lf2Axb9E6B4,4000,hmis.rugazihciv,2024-11-14T01:34:39.827+0000,,false
eSjJv1tjFWu,202410,gawevOwtGES,HllvX50cXC0,Lf2Axb9E6B4,0,hmis.rugazihciv,2024-11-14T01:32:10.152+0000,,false
pnkTSdn1z9e,202410,gawevOwtGES,HllvX50cXC0,Lf2Axb9E6B4,0,hmis.rugazihciv,2024-11-14T01:32:11.839+0000,,false
YhhLA8HoLr7,202410,gawevOwtGES,HllvX50cXC0,Lf2Axb9E6B4,0,hmis.rugazihciv,2024-11-14T01:32:12.847+0000,,false
JxQNnKwaTbR,202410,gawevOwtGES,HllvX50cXC0,Lf2Axb9E6B4,0,hmis.rugazihciv,2024-11-14T01:32:14.788+0000,,false
Wc8HjvOATV9,202410,gawevOwtGES,HllvX50cXC0,Lf2Axb9E6B4,0,hmis.rugazihciv,2024-11-14T01:32:15.189+0000,,false
T3I0ee84Xrp,202410,gawevOwtGES,HllvX50cXC0,Lf2Axb9E6B4,0,hmis.rugazihciv,2024-11-14T01:32:15.407+0000,,false
jTFze4K9xBv,202410,gawevOwtGES,HllvX50cXC0,Lf2Axb9E6B4,0,hmis.rugazihciv,2024-11-14T01:32:15.610+0000,,false
bZGloO0dfM6,202410,gawevOwtGES,HllvX50cXC0,Lf2Axb9E6B4,0,hmis.rugazihciv,2024-11-14T01:32:18.121+0000,,false
p9xEniNiV1j,202410,gawevOwtGES,HllvX50cXC0,Lf2Axb9E6B4,0,hmis.rugazihciv,2024-11-14T01:32:19.198+0000,,false
lx4a6tm5Ctl,202410,gawevOwtGES,HllvX50cXC0,Lf2Axb9E6B4,0,hmis.rugazihciv,2024-11-14T01:32:20.262+0000,,false
bYQQBS9F9Bp,202410,gawevOwtGES,HllvX50cXC0,Lf2Axb9E6B4,0,hmis.rugazihciv,2024-11-14T01:32:20.460+0000,,false
eorpVNcBh68,202410,gawevOwtGES,HllvX50cXC0,Lf2Axb9E6B4,0,hmis.rugazihciv,2024-11-14T01:32:20.867+0000,,false
l45DU6fKh35,202410,gawevOwtGES,HllvX50cXC0,Lf2Axb9E6B4,0,hmis.rugazihciv,2024-11-14T01:32:21.314+0000,,false
f65rrKcnJLg,202410,gawevOwtGES,HllvX50cXC0,Lf2Axb9E6B4,0,hmis.rugazihciv,2024-11-14T01:32:11.392+0000,,false
NH01RQyn58l,202410,gawevOwtGES,HllvX50cXC0,Lf2Axb9E6B4,0,hmis.rugazihciv,2024-11-14T01:32:11.995+0000,,false
aB6rpIpPXWf,202410,gawevOwtGES,HllvX50cXC0,Lf2Axb9E6B4,0,hmis.rugazihciv,2024-11-14T01:32:12.425+0000,,false
Ftnf3Yn7oht,202410,gawevOwtGES,HllvX50cXC0,Lf2Axb9E6B4,0,hmis.rugazihciv,2024-11-14T01:32:13.511+0000,,false
wHgX40UfiCw,202410,gawevOwtGES,HllvX50cXC0,Lf2Axb9E6B4,0,hmis.rugazihciv,2024-11-14T01:32:14.554+0000,,false
aeoCYWtyaGU,202410,gawevOwtGES,HllvX50cXC0,Lf2Axb9E6B4,0,hmis.rugazihciv,2024-11-14T01:32:16.855+0000,,false
vfrGRFSS7ei,202410,gawevOwtGES,HllvX50cXC0,Lf2Axb9E6B4,0,hmis.rugazihciv,2024-11-14T01:32:17.082+0000,,false
MMmOpkseCwP,202410,gawevOwtGES,HllvX50cXC0,Lf2Axb9E6B4,0,hmis.rugazihciv,2024-11-14T01:32:17.282+0000,,false
EB24zcuiRH4,202410,gawevOwtGES,HllvX50cXC0,Lf2Axb9E6B4,0,hmis.rugazihciv,2024-11-14T01:32:19.609+0000,,false
V3K5RNMBcpr,202410,gawevOwtGES,HllvX50cXC0,Lf2Axb9E6B4,0,hmis.rugazihciv,2024-11-14T01:32:21.114+0000,,false
PD0KQJ5jSiV,202410,gawevOwtGES,HllvX50cXC0,Lf2Axb9E6B4,0,hmis.rugazihciv,2024-11-14T01:32:21.514+0000,,false
MVeuvhMqlyx,202410,gawevOwtGES,HllvX50cXC0,Lf2Axb9E6B4,0,hmis.rugazihciv,2024-11-14T01:32:21.937+0000,,false
ZYWlByvGa4Y,202410,gawevOwtGES,HllvX50cXC0,Lf2Axb9E6B4,0,hmis.rugazihciv,2024-11-14T01:32:22.342+0000,,false
yMg98ft9QuB,202410,gawevOwtGES,HllvX50cXC0,Lf2Axb9E6B4,0,hmis.rugazihciv,2024-11-14T01:32:23.209+0000,,false
DXBOe7Us5yo,202410,gawevOwtGES,HllvX50cXC0,Lf2Axb9E6B4,0,hmis.rugazihciv,2024-11-14T01:32:24.070+0000,,false
fFsNsiGg2CB,202410,gawevOwtGES,HllvX50cXC0,Lf2Axb9E6B4,0,hmis.rugazihciv,2024-11-14T01:32:24.298+0000,,false
xQ8AWPY8Ude,202410,gawevOwtGES,HllvX50cXC0,Lf2Axb9E6B4,0,hmis.rugazihciv,2024-11-14T01:32:24.499+0000,,false
CHADo6zEvP7,202410,gawevOwtGES,HllvX50cXC0,Lf2Axb9E6B4,0,hmis.rugazihciv,2024-11-14T01:32:25.606+0000,,false
oxs9PnKVkY9,202410,gawevOwtGES,HllvX50cXC0,Lf2Axb9E6B4,0,hmis.rugazihciv,2024-11-14T01:32:26.054+0000,,false
TiTizk6ySeY,202410,gawevOwtGES,HllvX50cXC0,Lf2Axb9E6B4,0,hmis.rugazihciv,2024-11-14T01:32:26.263+0000,,false
g6UvWXJodNP,202410,gawevOwtGES,HllvX50cXC0,Lf2Axb9E6B4,0,hmis.rugazihciv,2024-11-14T01:32:28.949+0000,,false
F3qRgHbdaGn,202410,gawevOwtGES,HllvX50cXC0,Lf2Axb9E6B4,0,hmis.rugazihciv,2024-11-14T01:32:32.133+0000,,false
t2ec7RhRJih,202410,gawevOwtGES,HllvX50cXC0,Lf2Axb9E6B4,0,hmis.rugazihciv,2024-11-14T01:32:33.072+0000,,false
QYtOYWYSof5,202410,gawevOwtGES,HllvX50cXC0,Lf2Axb9E6B4,0,hmis.rugazihciv,2024-11-14T01:32:33.307+0000,,false
H9cd4w2pZz7,202410,gawevOwtGES,HllvX50cXC0,Lf2Axb9E6B4,0,hmis.rugazihciv,2024-11-14T01:32:33.545+0000,,false
XArRo0aFWMq,202410,gawevOwtGES,HllvX50cXC0,Lf2Axb9E6B4,0,hmis.rugazihciv,2024-11-14T01:32:33.759+0000,,false
ba82zZBuypr,202410,gawevOwtGES,HllvX50cXC0,Lf2Axb9E6B4,0,hmis.rugazihciv,2024-11-14T01:32:34.006+0000,,false
Z7MLPmFef54,202410,gawevOwtGES,HllvX50cXC0,Lf2Axb9E6B4,0,hmis.rugazihciv,2024-11-14T01:32:34.948+0000,,false
mDqfoaIlslo,202410,gawevOwtGES,HllvX50cXC0,Lf2Axb9E6B4,0,hmis.rugazihciv,2024-11-14T01:32:35.179+0000,,false
ydAtcUUXAd4,202410,gawevOwtGES,HllvX50cXC0,Lf2Axb9E6B4,0,hmis.rugazihciv,2024-11-14T01:32:36.546+0000,,false
CQEYQ8lyY3s,202410,gawevOwtGES,HllvX50cXC0,Lf2Axb9E6B4,0,hmis.rugazihciv,2024-11-14T01:32:37.021+0000,,false
avFhBPl6YUj,202410,gawevOwtGES,HllvX50cXC0,Lf2Axb9E6B4,0,hmis.rugazihciv,2024-11-14T01:32:13.954+0000,,false
d9yRtY7kB3L,202410,gawevOwtGES,HllvX50cXC0,Lf2Axb9E6B4,0,hmis.rugazihciv,2024-11-14T01:32:14.384+0000,,false
jbVZGLCmLcE,202410,gawevOwtGES,HllvX50cXC0,Lf2Axb9E6B4,0,hmis.rugazihciv,2024-11-14T01:32:16.043+0000,,false
io2jyFaluMb,202410,gawevOwtGES,HllvX50cXC0,Lf2Axb9E6B4,0,hmis.rugazihciv,2024-11-14T01:32:16.434+0000,,false
wiqUBGIcpQd,202410,gawevOwtGES,HllvX50cXC0,Lf2Axb9E6B4,0,hmis.rugazihciv,2024-11-14T01:32:18.553+0000,,false
pgMS4A4T41F,202410,gawevOwtGES,HllvX50cXC0,Lf2Axb9E6B4,0,hmis.rugazihciv,2024-11-14T01:32:18.955+0000,,false
XIIggi79snv,202410,gawevOwtGES,HllvX50cXC0,Lf2Axb9E6B4,0,hmis.rugazihciv,2024-11-14T01:32:19.391+0000,,false
micrXkUusxI,202410,gawevOwtGES,HllvX50cXC0,Lf2Axb9E6B4,0,hmis.rugazihciv,2024-11-14T01:32:19.828+0000,,false
iYxpEkbr4jw,202410,gawevOwtGES,HllvX50cXC0,Lf2Axb9E6B4,0,hmis.rugazihciv,2024-11-14T01:32:20.037+0000,,false
Gko0hroCGQf,202410,gawevOwtGES,HllvX50cXC0,Lf2Axb9E6B4,0,hmis.rugazihciv,2024-11-14T01:32:21.744+0000,,false
HPMRhsim2CG,202410,gawevOwtGES,HllvX50cXC0,Lf2Axb9E6B4,0,hmis.rugazihciv,2024-11-14T01:32:24.711+0000,,false
mOOdFWzGNAD,202410,gawevOwtGES,HllvX50cXC0,Lf2Axb9E6B4,0,hmis.rugazihciv,2024-11-14T01:32:25.152+0000,,false
SQr7jL5gMBe,202410,gawevOwtGES,HllvX50cXC0,Lf2Axb9E6B4,0,hmis.rugazihciv,2024-11-14T01:32:28.479+0000,,false
WQGiJmR3Fpn,202410,gawevOwtGES,HllvX50cXC0,Lf2Axb9E6B4,0,hmis.rugazihciv,2024-11-14T01:32:31.902+0000,,false
pQS34kFrxph,202410,gawevOwtGES,HllvX50cXC0,Lf2Axb9E6B4,0,hmis.rugazihciv,2024-11-14T01:32:35.873+0000,,false
Zbmfh4YV81V,202410,gawevOwtGES,HllvX50cXC0,Lf2Axb9E6B4,0,hmis.rugazihciv,2024-11-14T01:32:36.103+0000,,false
AQBgo2lFYcB,202410,gawevOwtGES,HllvX50cXC0,Lf2Axb9E6B4,0,hmis.rugazihciv,2024-11-14T01:32:36.309+0000,,false
YXxDY7UlYw0,202410,gawevOwtGES,HllvX50cXC0,Lf2Axb9E6B4,0,hmis.rugazihciv,2024-11-14T01:32:36.796+0000,,false
FNljrtQsZDH,202410,gawevOwtGES,HllvX50cXC0,Lf2Axb9E6B4,0,hmis.rugazihciv,2024-11-14T01:32:37.498+0000,,false
CR482O9NVwb,202410,gawevOwtGES,HllvX50cXC0,Lf2Axb9E6B4,0,hmis.rugazihciv,2024-11-14T01:32:37.740+0000,,false
LwQS4dn6CNo,202410,gawevOwtGES,HllvX50cXC0,Lf2Axb9E6B4,0,hmis.rugazihciv,2024-11-14T01:32:38.927+0000,,false
E6bQbrXhKgU,202410,gawevOwtGES,HllvX50cXC0,Lf2Axb9E6B4,0,hmis.rugazihciv,2024-11-14T01:32:39.880+0000,,false
C6TE4BvkksF,202410,gawevOwtGES,HllvX50cXC0,Lf2Axb9E6B4,0,hmis.rugazihciv,2024-11-14T01:32:41.544+0000,,false
hIF6SoT1CPV,202410,gawevOwtGES,HllvX50cXC0,Lf2Axb9E6B4,0,hmis.rugazihciv,2024-11-14T01:32:43.194+0000,,false
KjL3gz0ztDT,202410,gawevOwtGES,HllvX50cXC0,Lf2Axb9E6B4,0,hmis.rugazihciv,2024-11-14T01:32:43.419+0000,,false
x9HO4Wzv7rx,202410,gawevOwtGES,HllvX50cXC0,Lf2Axb9E6B4,0,hmis.rugazihciv,2024-11-14T01:32:46.503+0000,,false
MdDIyLTtzVZ,202410,gawevOwtGES,HllvX50cXC0,Lf2Axb9E6B4,0,hmis.rugazihciv,2024-11-14T01:32:22.556+0000,,false
UW7CUMrQIUh,202410,gawevOwtGES,HllvX50cXC0,Lf2Axb9E6B4,0,hmis.rugazihciv,2024-11-14T01:32:22.754+0000,,false
sO1U2VBiaTL,202410,gawevOwtGES,HllvX50cXC0,Lf2Axb9E6B4,0,hmis.rugazihciv,2024-11-14T01:32:22.970+0000,,false
H8uIox9gXEA,202410,gawevOwtGES,HllvX50cXC0,Lf2Axb9E6B4,0,hmis.rugazihciv,2024-11-14T01:32:23.422+0000,,false
R3OzIXOWCOe,202410,gawevOwtGES,HllvX50cXC0,Lf2Axb9E6B4,0,hmis.rugazihciv,2024-11-14T01:32:23.627+0000,,false
AdBRLfOzQQP,202410,gawevOwtGES,HllvX50cXC0,Lf2Axb9E6B4,0,hmis.rugazihciv,2024-11-14T01:32:25.835+0000,,false
FrWnOPWPbSF,202410,gawevOwtGES,HllvX50cXC0,Lf2Axb9E6B4,0,hmis.rugazihciv,2024-11-14T01:32:26.478+0000,,false
btxC6bS9r1M,202410,gawevOwtGES,HllvX50cXC0,Lf2Axb9E6B4,0,hmis.rugazihciv,2024-11-14T01:32:26.706+0000,,false
dBpUBrwQoEg,202410,gawevOwtGES,HllvX50cXC0,Lf2Axb9E6B4,0,hmis.rugazihciv,2024-11-14T01:32:27.147+0000,,false
H4UtEhJHCIb,202410,gawevOwtGES,HllvX50cXC0,Lf2Axb9E6B4,0,hmis.rugazihciv,2024-11-14T01:32:27.588+0000,,false
RKgzwmmLqUK,202410,gawevOwtGES,HllvX50cXC0,Lf2Axb9E6B4,0,hmis.rugazihciv,2024-11-14T01:32:29.375+0000,,false
EDOQsUzygay,202410,gawevOwtGES,HllvX50cXC0,Lf2Axb9E6B4,0,hmis.rugazihciv,2024-11-14T01:32:29.654+0000,,false
yQyD3fmgUkC,202410,gawevOwtGES,HllvX50cXC0,Lf2Axb9E6B4,0,hmis.rugazihciv,2024-11-14T01:32:29.868+0000,,false
jrWc3PfVAAK,202410,gawevOwtGES,HllvX50cXC0,Lf2Axb9E6B4,0,hmis.rugazihciv,2024-11-14T01:32:30.322+0000,,false
RooCY6sOLZo,202410,gawevOwtGES,HllvX50cXC0,Lf2Axb9E6B4,0,hmis.rugazihciv,2024-11-14T01:32:30.772+0000,,false
RA5qTvZBF8v,202410,gawevOwtGES,HllvX50cXC0,Lf2Axb9E6B4,0,hmis.rugazihciv,2024-11-14T01:32:31.203+0000,,false
MSKEKWtoB54,202410,gawevOwtGES,HllvX50cXC0,Lf2Axb9E6B4,0,hmis.rugazihciv,2024-11-14T01:32:31.425+0000,,false
uoCNTBk8wCN,202410,gawevOwtGES,HllvX50cXC0,Lf2Axb9E6B4,0,hmis.rugazihciv,2024-11-14T01:32:31.675+0000,,false
tXhsTnLY5q1,202410,gawevOwtGES,HllvX50cXC0,Lf2Axb9E6B4,0,hmis.rugazihciv,2024-11-14T01:32:32.598+0000,,false
RgJfEDFIOmI,202410,gawevOwtGES,HllvX50cXC0,Lf2Axb9E6B4,0,hmis.rugazihciv,2024-11-14T01:32:35.394+0000,,false
Uk5CFlynuP8,202410,gawevOwtGES,HllvX50cXC0,Lf2Axb9E6B4,0,hmis.rugazihciv,2024-11-14T01:32:38.733+0000,,false
RQ1tlXaPcar,202410,gawevOwtGES,HllvX50cXC0,Lf2Axb9E6B4,0,hmis.rugazihciv,2024-11-14T01:32:40.337+0000,,false
UMNerD5NBOw,202410,gawevOwtGES,HllvX50cXC0,Lf2Axb9E6B4,0,hmis.rugazihciv,2024-11-14T01:32:40.563+0000,,false
lqKvHtoTCSI,202410,gawevOwtGES,HllvX50cXC0,Lf2Axb9E6B4,0,hmis.rugazihciv,2024-11-14T01:32:41.067+0000,,false
Xsan86wc3PJ,202410,gawevOwtGES,HllvX50cXC0,Lf2Axb9E6B4,0,hmis.rugazihciv,2024-11-14T01:32:42.019+0000,,false
mtl18MPGwtc,202410,gawevOwtGES,HllvX50cXC0,Lf2Axb9E6B4,0,hmis.rugazihciv,2024-11-14T01:32:42.480+0000,,false
ia9dCV1swjb,202410,gawevOwtGES,HllvX50cXC0,Lf2Axb9E6B4,0,hmis.rugazihciv,2024-11-14T01:32:42.942+0000,,false
lQRFuUgxIko,202410,gawevOwtGES,HllvX50cXC0,Lf2Axb9E6B4,0,hmis.rugazihciv,2024-11-14T01:32:43.653+0000,,false
AhfrSeifgVM,202410,gawevOwtGES,HllvX50cXC0,Lf2Axb9E6B4,0,hmis.rugazihciv,2024-11-14T01:32:44.153+0000,,false
ObEurrF8fkT,202410,gawevOwtGES,HllvX50cXC0,Lf2Axb9E6B4,0,hmis.rugazihciv,2024-11-14T01:32:44.364+0000,,false
Y2rG87X018G,202410,gawevOwtGES,HllvX50cXC0,Lf2Axb9E6B4,0,hmis.rugazihciv,2024-11-14T01:32:44.561+0000,,false
uPxx6wu73ZL,202410,gawevOwtGES,HllvX50cXC0,Lf2Axb9E6B4,0,hmis.rugazihciv,2024-11-14T01:32:44.835+0000,,false
WjRrKZXi5UA,202410,gawevOwtGES,HllvX50cXC0,Lf2Axb9E6B4,0,hmis.rugazihciv,2024-11-14T01:32:45.277+0000,,false
VkjK3NWHyJR,202410,gawevOwtGES,HllvX50cXC0,Lf2Axb9E6B4,0,hmis.rugazihciv,2024-11-14T01:32:45.499+0000,,false
MiELOgN8VHl,202410,gawevOwtGES,HllvX50cXC0,Lf2Axb9E6B4,0,hmis.rugazihciv,2024-11-14T01:32:37.278+0000,,false
SBbhtV3VJvj,202410,gawevOwtGES,HllvX50cXC0,Lf2Axb9E6B4,0,hmis.rugazihciv,2024-11-14T01:32:38.196+0000,,false
YBrTKDdbjeZ,202410,gawevOwtGES,HllvX50cXC0,Lf2Axb9E6B4,0,hmis.rugazihciv,2024-11-14T01:32:39.144+0000,,false
tZhzAESh4sL,202410,gawevOwtGES,HllvX50cXC0,Lf2Axb9E6B4,0,hmis.rugazihciv,2024-11-14T01:32:39.383+0000,,false
nySjHa5fLGm,202410,gawevOwtGES,HllvX50cXC0,Lf2Axb9E6B4,0,hmis.rugazihciv,2024-11-14T01:32:40.111+0000,,false
mCBBugESiLL,202410,gawevOwtGES,HllvX50cXC0,Lf2Axb9E6B4,0,hmis.rugazihciv,2024-11-14T01:32:40.793+0000,,false
QfoK6gO7Ywl,202410,gawevOwtGES,HllvX50cXC0,Lf2Axb9E6B4,0,hmis.rugazihciv,2024-11-14T01:32:41.743+0000,,false
zrzLwJlJT0P,202410,gawevOwtGES,HllvX50cXC0,Lf2Axb9E6B4,0,hmis.rugazihciv,2024-11-14T01:32:42.711+0000,,false
RMbAB4oIe3v,202410,gawevOwtGES,HllvX50cXC0,Lf2Axb9E6B4,0,hmis.rugazihciv,2024-11-14T01:32:43.922+0000,,false
whzcuwyG1mb,202410,gawevOwtGES,HllvX50cXC0,Lf2Axb9E6B4,0,hmis.rugazihciv,2024-11-14T01:32:45.774+0000,,false
cdMpfZVEhxN,202410,gawevOwtGES,HllvX50cXC0,Lf2Axb9E6B4,0,hmis.rugazihciv,2024-11-14T01:32:47.232+0000,,false
pzFHcVuOC7F,202410,gawevOwtGES,HllvX50cXC0,Lf2Axb9E6B4,0,hmis.rugazihciv,2024-11-14T01:32:48.217+0000,,false
WqpK9umwIgV,202410,gawevOwtGES,HllvX50cXC0,Lf2Axb9E6B4,0,hmis.rugazihciv,2024-11-14T01:32:49.210+0000,,false
Fjuod4X2s6q,202410,gawevOwtGES,HllvX50cXC0,Lf2Axb9E6B4,0,hmis.rugazihciv,2024-11-14T01:32:49.973+0000,,false
ZQGRrTL9f7f,202410,gawevOwtGES,HllvX50cXC0,Lf2Axb9E6B4,0,hmis.rugazihciv,2024-11-14T01:32:51.956+0000,,false
vLfFqTKaUZc,202410,gawevOwtGES,HllvX50cXC0,Lf2Axb9E6B4,0,hmis.rugazihciv,2024-11-14T01:32:52.281+0000,,false
LIyDtNQVsGo,202410,gawevOwtGES,HllvX50cXC0,Lf2Axb9E6B4,0,hmis.rugazihciv,2024-11-14T01:32:53.819+0000,,false
Ry5PQiLsEZX,202410,gawevOwtGES,HllvX50cXC0,Lf2Axb9E6B4,0,hmis.rugazihciv,2024-11-14T01:32:54.308+0000,,false
kFVmUnfCxTc,202410,gawevOwtGES,HllvX50cXC0,Lf2Axb9E6B4,0,hmis.rugazihciv,2024-11-14T01:32:54.779+0000,,false
np7eWusrF7l,202410,gawevOwtGES,HllvX50cXC0,Lf2Axb9E6B4,0,hmis.rugazihciv,2024-11-14T01:32:55.029+0000,,false
Cyt3BC4JNR5,202410,gawevOwtGES,HllvX50cXC0,Lf2Axb9E6B4,31,biostat.rubirizi,2024-12-31T08:31:40.898+0000,,false
L2exKCG9ZxY,202410,gawevOwtGES,HllvX50cXC0,Lf2Axb9E6B4,0,hmis.rugazihciv,2024-11-14T01:32:46.027+0000,,false
Ea8UVuVDfa5,202410,gawevOwtGES,HllvX50cXC0,Lf2Axb9E6B4,0,hmis.rugazihciv,2024-11-14T01:32:46.296+0000,,false
IksyrSS2A3e,202410,gawevOwtGES,HllvX50cXC0,Lf2Axb9E6B4,0,hmis.rugazihciv,2024-11-14T01:32:46.747+0000,,false
RaHMrWfK14P,202410,gawevOwtGES,HllvX50cXC0,Lf2Axb9E6B4,0,hmis.rugazihciv,2024-11-14T01:32:47.452+0000,,false
hANVx2Y5XjG,202410,gawevOwtGES,HllvX50cXC0,Lf2Axb9E6B4,0,hmis.rugazihciv,2024-11-14T01:32:47.722+0000,,false
lTLNDFuDDba,202410,gawevOwtGES,HllvX50cXC0,Lf2Axb9E6B4,0,hmis.rugazihciv,2024-11-14T01:32:48.465+0000,,false
rHhScmlbCBl,202410,gawevOwtGES,HllvX50cXC0,Lf2Axb9E6B4,0,hmis.rugazihciv,2024-11-14T01:32:48.987+0000,,false
yIWazgZwraU,202410,gawevOwtGES,HllvX50cXC0,Lf2Axb9E6B4,0,hmis.rugazihciv,2024-11-14T01:32:49.474+0000,,false
V2IeNGMa5aZ,202410,gawevOwtGES,HllvX50cXC0,Lf2Axb9E6B4,0,hmis.rugazihciv,2024-11-14T01:32:53.056+0000,,false
MaYXvxNPKGR,202410,gawevOwtGES,HllvX50cXC0,Lf2Axb9E6B4,50,hmis.rugazihciv,2024-11-14T01:36:01.432+0000,,false
zc7pf9ctwyc,202410,gawevOwtGES,HllvX50cXC0,Lf2Axb9E6B4,100,hmis.rugazihciv,2024-11-14T01:36:27.920+0000,,false
sFLr3TIyeT3,202410,gawevOwtGES,HllvX50cXC0,Lf2Axb9E6B4,250,hmis.rugazihciv,2024-11-14T01:37:58.802+0000,,false
FNT0AWnEok7,202410,gawevOwtGES,HllvX50cXC0,Lf2Axb9E6B4,117,hmis.rugazihciv,2024-11-14T01:38:17.429+0000,,false
GJh7HiEjOFA,202410,gawevOwtGES,HllvX50cXC0,Lf2Axb9E6B4,0,hmis.rugazihciv,2024-11-14T01:32:50.241+0000,,false
NOAUnQ5exkd,202410,gawevOwtGES,HllvX50cXC0,Lf2Axb9E6B4,0,hmis.rugazihciv,2024-11-14T01:32:50.466+0000,,false
eIdyJNIeFMU,202410,gawevOwtGES,HllvX50cXC0,Lf2Axb9E6B4,0,hmis.rugazihciv,2024-11-14T01:32:51.049+0000,,false
M7QQo23mMqK,202410,gawevOwtGES,HllvX50cXC0,Lf2Axb9E6B4,0,hmis.rugazihciv,2024-11-14T01:32:52.813+0000,,false
tViJTDJyvRx,202410,gawevOwtGES,HllvX50cXC0,Lf2Axb9E6B4,0,hmis.rugazihciv,2024-11-14T01:32:53.314+0000,,false
jEjYbOgLaEI,202410,gawevOwtGES,HllvX50cXC0,Lf2Axb9E6B4,0,hmis.rugazihciv,2024-11-14T01:32:54.078+0000,,false
fy34HLoHa0x,202410,gawevOwtGES,HllvX50cXC0,Lf2Axb9E6B4,4260,hmis.rugazihciv,2024-11-14T01:33:12.963+0000,,false
LM7oz5Glohw,202410,gawevOwtGES,HllvX50cXC0,Lf2Axb9E6B4,0,hmis.rugazihciv,2024-11-14T01:34:17.570+0000,,false
z75W19sQozD,202410,gawevOwtGES,HllvX50cXC0,Lf2Axb9E6B4,11000,hmis.rugazihciv,2024-11-14T01:35:03.740+0000,,false
lz5KzKAbFbX,202410,gawevOwtGES,HllvX50cXC0,Lf2Axb9E6B4,20,hmis.rugazihciv,2024-11-14T01:35:30.214+0000,,false
HhhkiZDx1vo,202410,gawevOwtGES,HllvX50cXC0,Lf2Axb9E6B4,100,hmis.rugazihciv,2024-11-14T01:35:57.628+0000,,false
eu5hj9Xa9vP,202410,gawevOwtGES,HllvX50cXC0,Lf2Axb9E6B4,100,hmis.rugazihciv,2024-11-14T01:35:10.219+0000,,false
SttnQWaT8fW,202410,gawevOwtGES,HllvX50cXC0,Lf2Axb9E6B4,1000,hmis.rugazihciv,2024-11-14T01:35:26.273+0000,,false
F38NBUN9Srm,202410,gawevOwtGES,HllvX50cXC0,Lf2Axb9E6B4,40,hmis.rugazihciv,2024-11-14T01:35:40.078+0000,,false
pvBjG3TnbtJ,202410,gawevOwtGES,HllvX50cXC0,Lf2Axb9E6B4,100,hmis.rugazihciv,2024-11-14T01:36:32.207+0000,,false
rPFM5bTGYMY,202410,gawevOwtGES,HllvX50cXC0,Lf2Axb9E6B4,100,hmis.rugazihciv,2024-11-14T01:36:56.979+0000,,false
wE9AHBOIFCE,202410,gawevOwtGES,HllvX50cXC0,Lf2Axb9E6B4,100,hmis.rugazihciv,2024-11-14T01:36:58.128+0000,,false
h5nYtk0kLWs,202410,gawevOwtGES,HllvX50cXC0,Lf2Axb9E6B4,90,hmis.rugazihciv,2024-11-14T01:37:09.005+0000,,false
I8g7GERvAjt,202410,gawevOwtGES,HllvX50cXC0,Lf2Axb9E6B4,10,hmis.rugazihciv,2024-11-14T01:37:34.336+0000,,false
O3hT4aIhzLi,202410,gawevOwtGES,HllvX50cXC0,Lf2Axb9E6B4,396,hmis.rugazihciv,2024-11-14T01:39:38.069+0000,,false
jUSTWmbSjBP,202410,gawevOwtGES,HllvX50cXC0,Lf2Axb9E6B4,2,hmis.rugazihciv,2024-11-14T01:42:18.125+0000,,false
ELUJ8kvdyTi,202410,gawevOwtGES,HllvX50cXC0,Lf2Axb9E6B4,1000,hmis.rugazihciv,2024-11-14T01:38:04.365+0000,,false
xfyEsSF1Yeh,202410,gawevOwtGES,HllvX50cXC0,Lf2Axb9E6B4,6000,hmis.rugazihciv,2024-11-14T01:38:11.094+0000,,false
zjH9515Vbvh,202410,gawevOwtGES,HllvX50cXC0,Lf2Axb9E6B4,1,hmis.rugazihciv,2024-11-14T01:42:25.980+0000,,false
OYsFufxF7zF,202410,gawevOwtGES,HllvX50cXC0,Lf2Axb9E6B4,1,hmis.rugazihciv,2024-11-14T01:42:30.654+0000,,false
IMhJKMtkOfW,202410,gawevOwtGES,HllvX50cXC0,Lf2Axb9E6B4,1,hmis.rugazihciv,2024-11-14T01:42:41.273+0000,,false
bGyl6T5klnC,202410,gawevOwtGES,HllvX50cXC0,Lf2Axb9E6B4,2,hmis.rugazihciv,2024-11-14T01:42:45.479+0000,,false
H2HegEiSjBe,202410,gawevOwtGES,HllvX50cXC0,Lf2Axb9E6B4,2,hmis.rugazihciv,2024-11-14T01:43:52.547+0000,,false
oCtCwUE7utd,202410,gawevOwtGES,HllvX50cXC0,Lf2Axb9E6B4,100,hmis.rugazihciv,2024-11-14T01:35:46.622+0000,,false
msmJxt9LGqX,202410,gawevOwtGES,HllvX50cXC0,Lf2Axb9E6B4,5300,hmis.rugazihciv,2024-11-14T01:41:52.011+0000,,false
uPOqGjcb0WR,202410,gawevOwtGES,HllvX50cXC0,Lf2Axb9E6B4,2,hmis.rugazihciv,2024-11-14T01:42:15.564+0000,,false
klbaYAoSygw,202410,gawevOwtGES,HllvX50cXC0,Lf2Axb9E6B4,100,hmis.rugazihciv,2024-11-14T01:41:22.657+0000,,false
iwAfFcLYoWM,202410,gawevOwtGES,HllvX50cXC0,Lf2Axb9E6B4,2,hmis.rugazihciv,2024-11-14T01:42:11.289+0000,,false
pWIj3E7teST,202410,gawevOwtGES,HllvX50cXC0,Lf2Axb9E6B4,0,hmis.rugazihciv,2024-11-14T01:42:11.798+0000,,false
JhvC7ZR9hUe,202412,gawevOwtGES,Crc5reUlspd,Lf2Axb9E6B4,14,hmis.rugazihciv,2025-01-17T11:51:07.348+0000,,false
D9A0afrTYPw,202412,gawevOwtGES,c7gvocRdg0f,Lf2Axb9E6B4,17,hmis.rugazihciv,2025-01-17T11:51:44.761+0000,,false
